year,treatment,replicate,station,core,section,horizon_length,total_bulk_density,
2001,TSF,3,5,2,Surface,14,1.463281975,
2001,TSF,3,5,2,Middle,67,1.544679078,
2001,TSF,3,5,2,Deep,19,1.484402472,
2001,TSF,3,5,1,Surface,16,1.561701331,
2001,TSF,3,5,1,Middle,53,1.632367515,
2001,TSF,3,5,1,Deep,31,1.362079027,
2001,TSF,3,4,2,Surface,21,1.334091167,
2001,TSF,3,4,2,Middle,41,1.668072434,fungi
2001,TSF,3,4,2,Deep,31,1.59250828,
2001,TSF,3,4,1,Surface,18,1.318760046,
2001,TSF,3,4,1,Middle,54,1.561297264,
2001,TSF,3,4,1,Deep,28,1.488681015,
2001,TSF,3,3,2,Surface,20,1.24944718,
2001,TSF,3,3,2,Middle,27,1.485322384,
2001,TSF,3,3,2,Deep,48,1.549757546,
2001,TSF,3,3,1,Surface,18,1.175361267,comp
2001,TSF,3,3,1,Middle,17,1.438024351,
2001,TSF,3,3,1,Deep,59,1.531223357,
2001,TSF,3,2,2,Surface,19,1.262404967,not comp
2001,TSF,3,2,2,Middle,34,1.414312953,
2001,TSF,3,2,2,Deep,47,1.431179491,
2001,TSF,3,2,1,Surface,49,1.341785742,comp
2001,TSF,3,2,1,Middle,33,1.648078374,
2001,TSF,3,2,1,Deep,13,1.296782725,
2001,TSF,3,1,2,Surface,17,1.304679922,comp
2001,TSF,3,1,2,Middle,21,1.506295458,
2001,TSF,3,1,2,Deep,45,1.697535992,
2001,TSF,3,1,1,Surface,19,1.317488872,comp
2001,TSF,3,1,1,Middle,13,1.567451355,
2001,TSF,3,1,1,Deep,53,1.553763815,
2001,TSF,2,5,2,Surface,19,1.30556863,
2001,TSF,2,5,2,Middle,35,1.611729647,
2001,TSF,2,5,2,Deep,38,1.540342248,comp
2001,TSF,2,5,1,Surface,19,1.286834664,
2001,TSF,2,5,1,Middle,25,1.497215297,
2001,TSF,2,5,1,Deep,51,1.582861021,comp
2001,TSF,2,4,2,Surface,21,1.188159033,
2001,TSF,2,4,2,Middle,50,1.41467214,
2001,TSF,2,4,2,Deep,23,1.496274762,comp
2001,TSF,2,4,1,Surface,19,1.226221216,
2001,TSF,2,4,1,Middle,9,1.488161016,
2001,TSF,2,4,1,Deep,65,1.469234281,comp
2001,TSF,2,3,2,Surface,20,1.193644132,
2001,TSF,2,3,2,Middle,28,1.465193951,
2001,TSF,2,3,2,Deep,52,1.375331941,
2001,TSF,2,3,1,Surface,21,1.134193123,
2001,TSF,2,3,1,Middle,34,1.45326048,
2001,TSF,2,3,1,Deep,45,1.505357388,
2001,TSF,2,2,2,Surface,16,1.143339938,
2001,TSF,2,2,2,Middle,29,1.308242753,
2001,TSF,2,2,2,Deep,55,1.437222323,
2001,TSF,2,2,1,Surface,20,1.138372132,
2001,TSF,2,2,1,Middle,27,1.450599637,
2001,TSF,2,2,1,Deep,53,1.449520351,
2001,TSF,2,1,2,Surface,18,1.251446184,
2001,TSF,2,1,2,Middle,13,1.463582434,
2001,TSF,2,1,2,Deep,69,1.441912802,
2001,TSF,2,1,1,Surface,20,1.263225711,
2001,TSF,2,1,1,Middle,18,1.426274046,
2001,TSF,2,1,1,Deep,58,1.485845733,comp
2001,TSF,1,5,2,Surface,21,1.332470002,10 cm compaction
2001,TSF,1,5,2,Middle,43,1.656316201,
2001,TSF,1,5,2,Deep,26,1.494764088,
2001,TSF,1,5,1,Surface,18,1.300203682,comp
2001,TSF,1,5,1,Middle,45,1.667644235,
2001,TSF,1,5,1,Deep,31,1.456393438,
2001,TSF,1,4,2,Surface,28,1.282776051,comp
2001,TSF,1,4,2,Middle,39,1.681512856,
2001,TSF,1,4,2,Deep,29,1.374001581,
2001,TSF,1,4,1,Surface,25,1.161850461,
2001,TSF,1,4,1,Middle,43,1.678806447,
2001,TSF,1,4,1,Deep,32,1.55822889,
2001,TSF,1,3,2,Surface,23,1.315885844,root mass/ comp
2001,TSF,1,3,2,Middle,44,1.602728177, 
2001,TSF,1,3,2,Deep,23,1.549396988,
2001,TSF,1,3,1,Surface,23,1.282824859,root mass/ comp
2001,TSF,1,3,1,Middle,34,1.698797391,
2001,TSF,1,3,1,Deep,33,1.46057902,
2001,TSF,1,2,2,Surface,30,1.27501066,
2001,TSF,1,2,2,Middle,44,1.690514117,
2001,TSF,1,2,2,Deep,17,1.320221294,
2001,TSF,1,2,1,Surface,29,1.27972951,
2001,TSF,1,2,1,Middle,38,1.613321624,
2001,TSF,1,2,1,Deep,25,1.597022378,
2001,TSF,1,1,2,Surface,30,1.216528453,
2001,TSF,1,1,2,Middle,15,1.707942609,
2001,TSF,1,1,2,Deep,45,1.618354095,
2001,TSF,1,1,1,Surface,24,1.280612733,
2001,TSF,1,1,1,Middle,36,1.67865478,
2001,TSF,1,1,1,Deep,23,1.656342845,
2001,TDF,3,5,2,Surface,26,1.304991329,comp
2001,TDF,3,5,2,Middle,64,1.572606194,gap between 48-52cm
2001,TDF,3,5,2,Deep,0,,no deep profile
2001,TDF,3,5,1,Surface,21,1.187748958,
2001,TDF,3,5,1,Middle,70,1.498924901,
2001,TDF,3,5,1,Deep,9,1.013535298,
2001,TDF,3,4,2,Surface,16,1.134441304,
2001,TDF,3,4,2,Middle,56,1.486729569,
2001,TDF,3,4,2,Deep,28,1.593168203,
2001,TDF,3,4,1,Surface,17,1.095401607,
2001,TDF,3,4,1,Middle,68,1.416040757,
2001,TDF,3,4,1,Deep,15,1.597744985,
2001,TDF,3,3,2,Surface,20,1.037444397,
2001,TDF,3,3,2,Middle,30,1.473886523,
2001,TDF,3,3,2,Deep,50,1.442045487,
2001,TDF,3,3,1,Surface,22,1.120360226,
2001,TDF,3,3,1,Middle,36,1.501927586,
2001,TDF,3,3,1,Deep,42,1.315967888,
2001,TDF,3,2,2,Surface,21,1.022871346,
2001,TDF,3,2,2,Middle,42,1.457047464,
2001,TDF,3,2,2,Deep,37,1.458790265,
2001,TDF,3,2,1,Surface,14,1.154966855,
2001,TDF,3,2,1,Middle,33,1.373508102,
2001,TDF,3,2,1,Deep,53,1.414819469,
2001,TDF,3,1,2,Surface,13,1.092246625,
2001,TDF,3,1,2,Middle,47,1.584990887,
2001,TDF,3,1,2,Deep,40,1.421838842,
2001,TDF,3,1,1,Surface,14,1.004961307,
2001,TDF,3,1,1,Middle,37,1.505128332,
2001,TDF,3,1,1,Deep,49,1.355675578,
2001,TDF,2,5,2,Surface,18,1.08160666,comp
2001,TDF,2,5,2,Middle,18,1.278843771,mold
2001,TDF,2,5,2,Deep,52,1.397804856,
2001,TDF,2,5,1,Surface,15,1.032193724,comp
2001,TDF,2,5,1,Middle,36,1.28050469,
2001,TDF,2,5,1,Deep,39,1.415157377,
2001,TDF,2,4,2,Surface,19,1.045816138,comp
2001,TDF,2,4,2,Middle,40,1.319009383,
2001,TDF,2,4,2,Deep,35,1.42426782,
2001,TDF,2,4,1,Surface,22,1.076989171,
2001,TDF,2,4,1,Middle,57,1.420670726,
2001,TDF,2,4,1,Deep,21,1.490370867,
2001,TDF,2,3,2,Surface,20,1.052615133,comp
2001,TDF,2,3,2,Middle,27,1.231185046,
2001,TDF,2,3,2,Deep,43,1.422154617,
2001,TDF,2,3,1,Surface,12,1.059786667,comp
2001,TDF,2,3,1,Middle,19,1.17869133,
2001,TDF,2,3,1,Deep,59,1.396551845,
2001,TDF,2,2,2,Surface,16,0.952503704,comp
2001,TDF,2,2,2,Middle,29,1.237014086,
2001,TDF,2,2,2,Deep,52,1.394327102,
2001,TDF,2,2,1,Surface,23,1.01426333,
2001,TDF,2,2,1,Middle,20,1.073555629,
2001,TDF,2,2,1,Deep,57,1.401689995,
2001,TDF,2,1,2,Surface,15,1.063444197,12.5 cm comp
2001,TDF,2,1,2,Middle,60,1.421711343,
2001,TDF,2,1,2,Deep,12.5,1.609206044,
2001,TDF,2,1,1,Surface,18,1.121044514,comp
2001,TDF,2,1,1,Middle,37,1.434297686,
2001,TDF,2,1,1,Deep,39,1.438452809,
2001,TDF,1,5,2,Surface,17,1.004828032,
2001,TDF,1,5,2,Middle,33,1.387190948,fungi
2001,TDF,1,5,2,Deep,50,1.419426307,
2001,TDF,1,5,1,Surface,6,1.037623805,
2001,TDF,1,5,1,Middle,34,1.227803828,
2001,TDF,1,5,1,Deep,60,1.383476399,
2001,TDF,1,4,2,Surface,13,1.12870232,
2001,TDF,1,4,2,Middle,30,1.331996365,
2001,TDF,1,4,2,Deep,57,1.362862842,
2001,TDF,1,4,1,Surface,20,1.139075411,
2001,TDF,1,4,1,Middle,27,1.557638405,
2001,TDF,1,4,1,Deep,53,1.349209508,
2001,TDF,1,3,2,Surface,17,0.920400763,
2001,TDF,1,3,2,Middle,24,1.228854736,
2001,TDF,1,3,2,Deep,55,1.449075513,comp
2001,TDF,1,3,1,Surface,12,1.202595393,
2001,TDF,1,3,1,Middle,41,1.342597362,
2001,TDF,1,3,1,Deep,47,1.344410784,
2001,TDF,1,2,2,Surface,9,1.378251721,
2001,TDF,1,2,2,Middle,55,1.402499905,
2001,TDF,1,2,2,Deep,36,1.290065937,
2001,TDF,1,2,1,Surface,11,1.018345606,
2001,TDF,1,2,1,Middle,55,1.412922528,
2001,TDF,1,2,1,Deep,34,1.509994377,
2001,TDF,1,1,2,Surface,15,1.082982918,
2001,TDF,1,1,2,Middle,30,1.41689699,fungi
2001,TDF,1,1,2,Deep,55,1.377896877,
2001,TDF,1,1,1,Surface,24,1.14879095,
2001,TDF,1,1,1,Middle,44,1.484215201,
2001,TDF,1,1,1,Deep,32,1.346828917,
2001,TCF,3,5,2,Surface,21,1.289133244,
2001,TCF,3,5,2,Middle,32,1.476379396,
2001,TCF,3,5,2,Deep,47,1.483001668,
2001,TCF,3,5,1,Surface,20,1.2435626,
2001,TCF,3,5,1,Middle,33,1.487033102,
2001,TCF,3,5,1,Deep,47,1.393856531,
2001,TCF,3,4,2,Surface,19,1.299767144,
2001,TCF,3,4,2,Middle,32,1.513245935,
2001,TCF,3,4,2,Deep,49,1.452142865,
2001,TCF,3,4,1,Surface,19,1.248958813,
2001,TCF,3,4,1,Middle,15,1.511782265,
2001,TCF,3,4,1,Deep,66,1.420277253,
2001,TCF,3,3,2,Surface,21,1.243423516,
2001,TCF,3,3,2,Middle,21,1.584442142,
2001,TCF,3,3,2,Deep,58,1.464227694,
2001,TCF,3,3,1,Surface,19,1.219875841,
2001,TCF,3,3,1,Middle,17,1.523143924,
2001,TCF,3,3,1,Deep,59,1.519634211,comp
2001,TCF,3,2,2,Surface,18,1.115080196, 
2001,TCF,3,2,2,Middle,5,1.270581437,
2001,TCF,3,2,2,Deep,77,1.387100301,
2001,TCF,3,2,1,Surface,25,1.168080653,comp
2001,TCF,3,2,1,Middle,9,1.777382575,
2001,TCF,3,2,1,Deep,63,1.458630126,
2001,TCF,3,1,2,Surface,21,1.263148138,
2001,TCF,3,1,2,Middle,33,1.502219061,
2001,TCF,3,1,2,Deep,46,1.392045297,
2001,TCF,3,1,1,Surface,27,1.235894837,
2001,TCF,3,1,1,Middle,22,1.550313004,
2001,TCF,3,1,1,Deep,51,1.457103789,
2001,TCF,2,5,2,Surface,26,1.21233292,
2001,TCF,2,5,2,Middle,31,1.435716382,
2001,TCF,2,5,2,Deep,43,1.539986419,
2001,TCF,2,5,1,Surface,28,1.250390354,
2001,TCF,2,5,1,Middle,26,1.602757735,
2001,TCF,2,5,1,Deep,46,1.495290671,
2001,TCF,2,4,2,Surface,12,1.243486052,
2001,TCF,2,4,2,Middle,35,1.505541466,
2001,TCF,2,4,2,Deep,53,1.442614837,
2001,TCF,2,4,1,Surface,10,1.112871804,
2001,TCF,2,4,1,Middle,41,1.407743626,
2001,TCF,2,4,1,Deep,49,1.46169762,
2001,TCF,2,3,2,Surface,15,1.151309119,
2001,TCF,2,3,2,Middle,41,1.464748094,
2001,TCF,2,3,2,Deep,44,1.521948933,
2001,TCF,2,3,1,Surface,17,1.134802125,
2001,TCF,2,3,1,Middle,35,1.47082449,
2001,TCF,2,3,1,Deep,48,1.466524219,
2001,TCF,2,2,2,Surface,16,0.949389182,
2001,TCF,2,2,2,Middle,44,1.478453923,
2001,TCF,2,2,2,Deep,40,1.51597778,
2001,TCF,2,2,1,Surface,18,1.144637058,
2001,TCF,2,2,1,Middle,40,1.459992454,
2001,TCF,2,2,1,Deep,42,1.529090861,
2001,TCF,2,1,2,Surface,25,1.280012841,
2001,TCF,2,1,2,Middle,42,1.569790835,
2001,TCF,2,1,2,Deep,33,1.496161379,
2001,TCF,2,1,1,Surface,25,1.165226201,
2001,TCF,2,1,1,Middle,58,1.556247886,
2001,TCF,2,1,1,Deep,17,1.610684872,
2001,TCF,1,5,2,Surface,21,1.129779687,
2001,TCF,1,5,2,Middle,37,1.456555133,
2001,TCF,1,5,2,Deep,37,1.308801342,comp
2001,TCF,1,5,1,Surface,18,1.221592701,
2001,TCF,1,5,1,Middle,31,1.402201589,
2001,TCF,1,5,1,Deep,51,1.425961946,
2001,TCF,1,4,2,Surface,17,1.159701415,
2001,TCF,1,4,2,Middle,58,1.466272202,
2001,TCF,1,4,2,Deep,25,1.469818986,
2001,TCF,1,4,1,Surface,23,1.123106232,
2001,TCF,1,4,1,Middle,12,1.413579139,
2001,TCF,1,4,1,Deep,65,1.4735096,
2001,TCF,1,3,2,Surface,22,1.1199166,
2001,TCF,1,3,2,Middle,59,1.455796607,
2001,TCF,1,3,2,Deep,15,1.480646614,comp
2001,TCF,1,3,1,Surface,19,1.208514596,
2001,TCF,1,3,1,Middle,22,1.529423395,
2001,TCF,1,3,1,Deep,53,1.484010005,comp
2001,TCF,1,2,2,Surface,30,1.175093351,
2001,TCF,1,2,2,Middle,55,1.495191314,
2001,TCF,1,2,2,Deep,15,1.301028161,
2001,TCF,1,2,1,Surface,31,1.108111451,
2001,TCF,1,2,1,Middle,44,1.506767759,
2001,TCF,1,2,1,Deep,25,1.442698245,
2001,TCF,1,1,2,Surface,28,1.163850111,
2001,TCF,1,1,2,Middle,19,1.3207371,
2001,TCF,1,1,2,Deep,49,1.525932988,comp
2001,TCF,1,1,1,Surface,25,0.978246951,
2001,TCF,1,1,1,Middle,56,1.43416304,
2001,TCF,1,1,1,Deep,19,1.415811981,
2001,T8,4,5,2,Surface,16,1.061698557,
2001,T8,4,5,2,Middle,33,1.448855961,
2001,T8,4,5,2,Deep,51,1.452715259,
2001,T8,4,5,1,Surface,11,1.110317296,
2001,T8,4,5,1,Middle,32,1.466970346,
2001,T8,4,5,1,Deep,57,1.372538029,
2001,T8,4,4,2,Surface,13,1.065758283,
2001,T8,4,4,2,Middle,39,1.48275682,
2001,T8,4,4,2,Deep,48,1.47932378,
2001,T8,4,4,1,Surface,14,1.089075954,compressed to 96cm
2001,T8,4,4,1,Middle,33,1.410530074,
2001,T8,4,4,1,Deep,49,1.394874677,
2001,T8,4,3,2,Surface,15,0.951118555,
2001,T8,4,3,2,Middle,38,1.350496913,charcoal
2001,T8,4,3,2,Deep,47,1.469817398,
2001,T8,4,3,1,Surface,13,0.815249586,root mass
2001,T8,4,3,1,Middle,38,1.387284985,
2001,T8,4,3,1,Deep,49,1.448243049,
2001,T8,4,2,2,Surface,14,1.129304342,
2001,T8,4,2,2,Middle,32,1.392608443,
2001,T8,4,2,2,Deep,54,1.293579675,
2001,T8,4,2,1,Surface,14,1.114459616,
2001,T8,4,2,1,Middle,35,1.493411438,
2001,T8,4,2,1,Deep,51,1.330903595,
2001,T8,4,1,2,Surface,15,0.991516441,
2001,T8,4,1,2,Middle,31,1.376398327,
2001,T8,4,1,2,Deep,54,1.400586549,
2001,T8,4,1,1,Surface,19,1.101162924,
2001,T8,4,1,1,Middle,27,1.440216834,
2001,T8,4,1,1,Deep,54,1.32798879,
2001,T8,3,5,2,Surface,22,0.948251247,
2001,T8,3,5,2,Middle,27,1.347488175,
2001,T8,3,5,2,Deep,51,1.408683624,
2001,T8,3,5,1,Surface,10,0.968484288,
2001,T8,3,5,1,Middle,33,1.363986651,
2001,T8,3,5,1,Deep,57,1.438137129,
2001,T8,3,4,2,Surface,13,0.851197419,
2001,T8,3,4,2,Middle,39,1.33201219,
2001,T8,3,4,2,Deep,48,1.417270757,
2001,T8,3,4,1,Surface,13,0.877694592,
2001,T8,3,4,1,Middle,40,1.253737901,
2001,T8,3,4,1,Deep,47,1.310410306,
2001,T8,3,3,2,Surface,18,0.883929402,
2001,T8,3,3,2,Middle,32,1.304976631,
2001,T8,3,3,2,Deep,50,1.430569694,
2001,T8,3,3,1,Surface,12,0.990568689,
2001,T8,3,3,1,Middle,31,1.273966807,
2001,T8,3,3,1,Deep,57,1.422091385,
2001,T8,3,2,2,Surface,13,0.986995434,
2001,T8,3,2,2,Middle,39,1.368916865,
2001,T8,3,2,2,Deep,48,1.464868283,
2001,T8,3,2,1,Surface,11,0.90029909,
2001,T8,3,2,1,Middle,35,1.337402388,
2001,T8,3,2,1,Deep,54,1.449698079,
2001,T8,3,1,2,Surface,11,1.051393202,
2001,T8,3,1,2,Middle,45,1.28702573,charcoal
2001,T8,3,1,2,Deep,44,1.42311864,
2001,T8,3,1,1,Surface,23,1.062430776,
2001,T8,3,1,1,Middle,34,1.326739923,
2001,T8,3,1,1,Deep,43,1.445787066,
2001,T8,2,5,2,Surface,16,1.113493632,
2001,T8,2,5,2,Middle,44,1.272520347,
2001,T8,2,5,2,Deep,40,1.445209239,
2001,T8,2,5,1,Surface,15,1.059624482,
2001,T8,2,5,1,Middle,31,1.374777869,
2001,T8,2,5,1,Deep,54,1.306979721,
2001,T8,2,4,2,Surface,15,0.991956588,
2001,T8,2,4,2,Middle,38,1.330545238,horizon end changed from 47 to 53
2001,T8,2,4,2,Deep,47,1.400007399,
2001,T8,2,4,1,Surface,17,0.967365964,
2001,T8,2,4,1,Middle,43,1.368616615,horizon end changed from 48 to 60
2001,T8,2,4,1,Deep,40,1.374260572,
2001,T8,2,3,2,Surface,17,0.962317214,
2001,T8,2,3,2,Middle,35,1.413725604,
2001,T8,2,3,2,Deep,48,1.430368135,
2001,T8,2,3,1,Surface,16,1.013581346,
2001,T8,2,3,1,Middle,35,1.295435281,
2001,T8,2,3,1,Deep,49,1.362020615,
2001,T8,2,2,2,Surface,12,1.115580146,
2001,T8,2,2,2,Middle,37,1.323382068,
2001,T8,2,2,2,Deep,51,1.412892605,
2001,T8,2,2,1,Surface,12,1.012599984,
2001,T8,2,2,1,Middle,46,1.36177434,
2001,T8,2,2,1,Deep,42,1.430940019,
2001,T8,2,1,2,Surface,9,0.988670154,root mass
2001,T8,2,1,2,Middle,33,1.307271993,
2001,T8,2,1,2,Deep,58,1.415023394,
2001,T8,2,1,1,Surface,12,0.948539387,root mass
2001,T8,2,1,1,Middle,35,1.312350887,
2001,T8,2,1,1,Deep,53,1.431387826,
2001,T8,1,5,2,Surface,10,1.050638775,
2001,T8,1,5,2,Middle,34,1.330458945,
2001,T8,1,5,2,Deep,56,1.441534656,charcoal
2001,T8,1,5,1,Surface,11,1.044634415,
2001,T8,1,5,1,Middle,38,1.355160009,
2001,T8,1,5,1,Deep,51,1.440140099,
2001,T8,1,4,2,Surface,11,1.027959262,
2001,T8,1,4,2,Middle,40,1.337187714,
2001,T8,1,4,2,Deep,49,1.442442241,
2001,T8,1,4,1,Surface,25,1.014259436,
2001,T8,1,4,1,Middle,22,1.374263573,
2001,T8,1,4,1,Deep,53,1.416569407,
2001,T8,1,3,2,Surface,12,0.993223926,
2001,T8,1,3,2,Middle,37,1.345810971,
2001,T8,1,3,2,Deep,51,1.413412825,
2001,T8,1,3,1,Surface,14,1.081940644,large root mass
2001,T8,1,3,1,Middle,31,1.369564621,
2001,T8,1,3,1,Deep,55,1.415735644,
2001,T8,1,2,2,Surface,13,1.096627491,
2001,T8,1,2,2,Middle,36,1.381344714,horiz length from  26 to 13 
2001,T8,1,2,2,Deep,51,1.439104458,
2001,T8,1,2,1,Surface,11,1.055072696,
2001,T8,1,2,1,Middle,31,1.318126626,
2001,T8,1,2,1,Deep,58,1.466678035,
2001,T8,1,1,2,Surface,12,1.13028203,
2001,T8,1,1,2,Middle,37,1.28359501,
2001,T8,1,1,2,Deep,51,1.424279029,
2001,T8,1,1,1,Surface,18,1.132654201,
2001,T8,1,1,1,Middle,23,1.303163168,
2001,T8,1,1,1,Deep,59,1.405640713,
2001,T7,6,5,2,Surface,25,1.213175486,
2001,T7,6,5,2,Middle,43,1.512352588,
2001,T7,6,5,2,Deep,32,1.424318798,
2001,T7,6,5,1,Surface,25,1.187914847,changed from 30cm to 25 based on color and texture
2001,T7,6,5,1,Middle,24,1.624836782,
2001,T7,6,5,1,Deep,51,1.648542381,
2001,T7,6,4,2,Surface,25,1.29514626,
2001,T7,6,4,2,Middle,35,1.597758381,
2001,T7,6,4,2,Deep,40,1.327057623,
2001,T7,6,4,1,Surface,24,1.192595194,
2001,T7,6,4,1,Middle,35,1.407532647,
2001,T7,6,4,1,Deep,41,1.378803811,
2001,T7,6,3,2,Surface,22,1.418991605,
2001,T7,6,3,2,Middle,26,1.44731869,
2001,T7,6,3,2,Deep,52,1.492573655,
2001,T7,6,3,1,Surface,21,1.274827083,
2001,T7,6,3,1,Middle,24,1.487374412,
2001,T7,6,3,1,Deep,49,1.483709877,compressed only goes to 94
2001,T7,6,2,2,Surface,24,1.253330764,
2001,T7,6,2,2,Middle,33,1.512218933,
2001,T7,6,2,2,Deep,43,1.419521075,
2001,T7,6,2,1,Surface,24,1.268712006,
2001,T7,6,2,1,Middle,27,1.53314643,
2001,T7,6,2,1,Deep,49,1.44018917,
2001,T7,6,1,2,Surface,23,1.373209023,root mas  3 cm
2001,T7,6,1,2,Middle,31,1.501524606,
2001,T7,6,1,2,Deep,46,1.497933428,
2001,T7,6,1,1,Surface,24,1.375459735,large root mass
2001,T7,6,1,1,Middle,27,1.570474977,
2001,T7,6,1,1,Deep,49,1.517207171,
2001,T7,5,5,2,Surface,21,1.193796202,
2001,T7,5,5,2,Middle,38,1.261734925,
2001,T7,5,5,2,Deep,41,1.471525339,
2001,T7,5,5,1,Surface,24,1.174714202,
2001,T7,5,5,1,Middle,59,1.323494496,
2001,T7,5,5,1,Deep,17,1.511060694,
2001,T7,5,4,2,Surface,22,1.352408423,
2001,T7,5,4,2,Middle,19,1.480510642,
2001,T7,5,4,2,Deep,59,1.448688403,
2001,T7,5,4,1,Surface,23,1.324622231,
2001,T7,5,4,1,Middle,31,1.389473116,
2001,T7,5,4,1,Deep,46,1.370129446,
2001,T7,5,3,2,Surface,20,1.41470917,
2001,T7,5,3,2,Middle,17,1.481477378,
2001,T7,5,3,2,Deep,63,1.432335186,
2001,T7,5,3,1,Surface,22,1.27472152,
2001,T7,5,3,1,Middle,18,1.482019683,
2001,T7,5,3,1,Deep,60,1.419142221,
2001,T7,5,2,2,Surface,26,1.326160363,
2001,T7,5,2,2,Middle,32,1.353779181,
2001,T7,5,2,2,Deep,42,1.440617113,
2001,T7,5,2,1,Surface,24,1.259466516,
2001,T7,5,2,1,Middle,38,1.291014302,
2001,T7,5,2,1,Deep,38,1.494164531,
2001,T7,5,1,2,Surface,19,1.249146153,moss
2001,T7,5,1,2,Middle,36,1.326911545,
2001,T7,5,1,2,Deep,45,1.474534305,
2001,T7,5,1,1,Surface,22,1.291788108,
2001,T7,5,1,1,Middle,32,1.265205477,
2001,T7,5,1,1,Deep,46,1.473343619,
2001,T7,4,5,2,Surface,24,1.107783077,
2001,T7,4,5,2,Middle,54,1.424351856,
2001,T7,4,5,2,Deep,22,1.494982288,
2001,T7,4,5,1,Surface,21,1.140609435,
2001,T7,4,5,1,Middle,41,1.341749506,
2001,T7,4,5,1,Deep,38,1.467196684,
2001,T7,4,4,2,Surface,23,1.221470461,
2001,T7,4,4,2,Middle,26,1.567781466,
2001,T7,4,4,2,Deep,51,1.466317618,
2001,T7,4,4,1,Surface,21,1.215448178,
2001,T7,4,4,1,Middle,30,1.330153487,
2001,T7,4,4,1,Deep,49,1.41236556,
2001,T7,4,3,2,Surface,23,1.182755786,
2001,T7,4,3,2,Middle,37,1.413426626,
2001,T7,4,3,2,Deep,40,1.428900339,
2001,T7,4,3,1,Surface,25,1.204127585,large root mass
2001,T7,4,3,1,Middle,39,1.400466166,
2001,T7,4,3,1,Deep,36,1.469688377,
2001,T7,4,2,2,Surface,25,1.233843282,
2001,T7,4,2,2,Middle,51,1.402969024,
2001,T7,4,2,2,Deep,24,1.566541159,
2001,T7,4,2,1,Surface,25,1.129333129,
2001,T7,4,2,1,Middle,43,1.430699442,
2001,T7,4,2,1,Deep,32,1.50744747,
2001,T7,4,1,2,Surface,23,1.238855871,
2001,T7,4,1,2,Middle,35,1.417805034,power failure/weighed after sitting at room temp. for 13 hrs.
2001,T7,4,1,2,Deep,42,1.482383283,
2001,T7,4,1,1,Surface,25,1.2611707,large root mass
2001,T7,4,1,1,Middle,37,1.340398864,
2001,T7,4,1,1,Deep,38,1.381012883,
2001,T7,3,5,2,Surface,20,1.222785724,fungal groth
2001,T7,3,5,2,Middle,47,1.39956888,
2001,T7,3,5,2,Deep,33,1.493253448,
2001,T7,3,5,1,Surface,11,1.175895793,
2001,T7,3,5,1,Middle,53,1.378154171,
2001,T7,3,5,1,Deep,36,1.562400822,
2001,T7,3,4,2,Surface,23,1.23679658,
2001,T7,3,4,2,Middle,47,1.412425177,
2001,T7,3,4,2,Deep,30,1.52378681,
2001,T7,3,4,1,Surface,11,0.946384099,fungal growth
2001,T7,3,4,1,Middle,89,1.379399896,
2001,T7,3,3,2,Surface,14,1.304180957,
2001,T7,3,3,2,Middle,34,1.330223162,
2001,T7,3,3,2,Deep,52,1.442724742,
2001,T7,3,3,1,Surface,15,1.050304837,
2001,T7,3,3,1,Middle,36,1.317895698,
2001,T7,3,3,1,Deep,49,1.47783877,
2001,T7,3,2,2,Surface,16,1.059097142,
2001,T7,3,2,2,Middle,66,1.403459879,
2001,T7,3,2,2,Deep,18,1.469995364,
2001,T7,3,2,1,Surface,21,1.184022741,"fungal growth , large root mass"
2001,T7,3,2,1,Middle,48,1.387478871,
2001,T7,3,2,1,Deep,31,1.473576784,
2001,T7,3,1,2,Surface,16,1.095786067,"fungal growth , large root mass"
2001,T7,3,1,2,Middle,59,1.375768742,
2001,T7,3,1,2,Deep,25,1.559384026,
2001,T7,3,1,1,Surface,22,1.16416708,fungal growth 
2001,T7,3,1,1,Middle,41,1.405337284,
2001,T7,3,1,1,Deep,37,1.505673732,
2001,T7,2,5,2,Surface,19,1.220879014,
2001,T7,2,5,2,Middle,33,1.45133551,
2001,T7,2,5,2,Deep,48,1.482685884,
2001,T7,2,5,1,Surface,22,1.17455317,changed Ap hor depth from 13 to 22 based on natural break (texture and color)/ fungi
2001,T7,2,5,1,Middle,32,1.284658681,
2001,T7,2,5,1,Deep,46,1.411268469,
2001,T7,2,4,2,Surface,19,1.083985085,fungi
2001,T7,2,4,2,Middle,20,1.321876322,
2001,T7,2,4,2,Deep,61,1.428566311,
2001,T7,2,4,1,Surface,19,1.257259169,
2001,T7,2,4,1,Middle,17,1.495542962,
2001,T7,2,4,1,Deep,64,1.412998156,
2001,T7,2,3,2,Surface,22,1.272790438,fungi
2001,T7,2,3,2,Middle,16,1.4708025,
2001,T7,2,3,2,Deep,62,1.488728743,
2001,T7,2,3,1,Surface,22,1.128520352,fungi
2001,T7,2,3,1,Middle,31,1.400316216,
2001,T7,2,3,1,Deep,47,1.452998552,
2001,T7,2,2,2,Surface,9,1.121990193,fungal growth
2001,T7,2,2,2,Middle,53,1.312398518,
2001,T7,2,2,2,Deep,38,1.58819318,
2001,T7,2,2,1,Surface,19,1.149010079,fungal growth
2001,T7,2,2,1,Middle,39,1.363417965,
2001,T7,2,2,1,Deep,42,1.531403685,
2001,T7,2,1,2,Surface,21,1.086985253,
2001,T7,2,1,2,Middle,32,1.400985897,
2001,T7,2,1,2,Deep,47,1.576083092,
2001,T7,2,1,1,Surface,17,1.220377605,
2001,T7,2,1,1,Middle,41,1.325860088,
2001,T7,2,1,1,Deep,42,1.547725366,
2001,T7,1,5,2,Surface,39,1.230059898,
2001,T7,1,5,2,Middle,40,1.506017051,
2001,T7,1,5,2,Deep,21,1.456859512,
2001,T7,1,5,1,Surface,35,1.364741289,
2001,T7,1,5,1,Middle,24,1.508209655,
2001,T7,1,5,1,Deep,41,1.508296092,
2001,T7,1,4,2,Surface,26,1.358188821,
2001,T7,1,4,2,Middle,31,1.482630056,
2001,T7,1,4,2,Deep,36,1.506343414,gap between 73 & 80
2001,T7,1,4,1,Surface,25,1.346344982,
2001,T7,1,4,1,Middle,36,1.414829413,
2001,T7,1,4,1,Deep,39,1.532370569,
2001,T7,1,3,2,Surface,31,1.28209688,compressed
2001,T7,1,3,2,Middle,48,1.534382285,
2001,T7,1,3,2,Deep,18,1.828906943,
2001,T7,1,3,1,Surface,35,1.165797354,
2001,T7,1,3,1,Middle,32,1.551020279,
2001,T7,1,3,1,Deep,33,1.497092125,
2001,T7,1,2,2,Surface,26,1.295600289,
2001,T7,1,2,2,Middle,29,1.438424129,
2001,T7,1,2,2,Deep,45,1.558136814,
2001,T7,1,2,1,Surface,23,1.347661331,
2001,T7,1,2,1,Middle,30,1.488045876,
2001,T7,1,2,1,Deep,47,1.535538422,
2001,T7,1,1,2,Surface,18,1.424593192,
2001,T7,1,1,2,Middle,40,1.453371583,
2001,T7,1,1,2,Deep,42,1.579933364,
2001,T7,1,1,1,Surface,28,1.37283269,
2001,T7,1,1,1,Middle,29,1.531736059,
2001,T7,1,1,1,Deep,43,1.393943343,
2001,T6,6,5,2,Surface,25,1.319591669,
2001,T6,6,5,2,Middle,21,1.562945995,
2001,T6,6,5,2,Deep,54,1.419361922,
2001,T6,6,5,1,Surface,26,1.396543481,
2001,T6,6,5,1,Middle,24,1.204161026,
2001,T6,6,5,1,Deep,50,1.611890561,
2001,T6,6,4,2,Surface,20,1.273723229,
2001,T6,6,4,2,Middle,14,1.430074077,
2001,T6,6,4,2,Deep,66,1.35676597,
2001,T6,6,4,1,Surface,28,1.268474675,fungi
2001,T6,6,4,1,Middle,29,1.588499248,
2001,T6,6,4,1,Deep,43,1.345940785,
2001,T6,6,3,2,Surface,27,1.214806031,
2001,T6,6,3,2,Middle,27,1.609801199,
2001,T6,6,3,2,Deep,46,1.41034366,
2001,T6,6,3,1,Surface,25,1.306433173,fungi
2001,T6,6,3,1,Middle,31,1.551655122,
2001,T6,6,3,1,Deep,44,1.402210764,fungi
2001,T6,6,2,2,Surface,27,1.098772944,
2001,T6,6,2,2,Middle,20,1.490663319,
2001,T6,6,2,2,Deep,53,1.471581706,
2001,T6,6,2,1,Surface,25,1.326423524,fungal growth
2001,T6,6,2,1,Middle,35,1.513387847,
2001,T6,6,2,1,Deep,40,1.519295392,fungal growth/ black material looks like decaying OM (ROOTS?)/ saves a small sample
2001,T6,6,1,2,Surface,25,1.215161891,* fungal growth
2001,T6,6,1,2,Middle,22,1.485366022,
2001,T6,6,1,2,Deep,53,1.507246652,
2001,T6,6,1,1,Surface,27,1.161297278,* actual  length 23 cm
2001,T6,6,1,1,Middle,23,1.538847176,
2001,T6,6,1,1,Deep,50,1.451077888,
2001,T6,5,5,2,Surface,11,1.129523732,fungal growth
2001,T6,5,5,2,Middle,48,1.301070023,tiny black chunk/ approx .05 of circum empty of soil
2001,T6,5,5,2,Deep,41,1.299995938,.03 of circum empty of soil
2001,T6,5,5,1,Surface,18,1.124463631,fungal growth
2001,T6,5,5,1,Middle,42,1.368691425,
2001,T6,5,5,1,Deep,40,1.399997431,
2001,T6,5,4,2,Surface,27,1.244755197,fungal growth
2001,T6,5,4,2,Middle,36,1.424065334,some black material/ harder than previous material/ fungal growth
2001,T6,5,4,2,Deep,37,1.416788246,
2001,T6,5,4,1,Surface,22,1.094974328,fungal growth
2001,T6,5,4,1,Middle,40,1.257130146,several small black chunks
2001,T6,5,4,1,Deep,38,1.341681373,
2001,T6,5,3,2,Surface,23,1.121002011,fungal growth
2001,T6,5,3,2,Middle,42,1.354927093,
2001,T6,5,3,2,Deep,35,1.587728318,* non-B.D is the Bt3 hor
2001,T6,5,3,1,Surface,23,1.196297186,fungal growth
2001,T6,5,3,1,Middle,58,1.414979841,
2001,T6,5,3,1,Deep,19,1.434144074,
2001,T6,5,2,2,Surface,22,1.161961994,fungal growth
2001,T6,5,2,2,Middle,47,1.346818363,23-30 could be E hor.
2001,T6,5,2,2,Deep,31,1.394174298,
2001,T6,5,2,1,Surface,29,1.3259252,fungal growth
2001,T6,5,2,1,Middle,30,1.431236009,* black chunks
2001,T6,5,2,1,Deep,41,1.448654589,
2001,T6,5,1,2,Surface,20,1.221852803,little OM/fungal growth
2001,T6,5,1,2,Middle,25,1.361593223,
2001,T6,5,1,2,Deep,55,1.368623797,
2001,T6,5,1,1,Surface,18,1.147810585,fungal growth
2001,T6,5,1,1,Middle,48,1.402435514,
2001,T6,5,1,1,Deep,34,1.301181256,* actual length 31/ fungal growth/ lots of small rocks
2001,T6,4,5,2,Surface,23,1.24492142,
2001,T6,4,5,2,Middle,38,1.371302947,
2001,T6,4,5,2,Deep,39,1.40673422,
2001,T6,4,5,1,Surface,23,1.297614314,
2001,T6,4,5,1,Middle,45,1.413685508,
2001,T6,4,5,1,Deep,32,1.478078389,
2001,T6,4,4,2,Surface,21,1.332921085,fungi
2001,T6,4,4,2,Middle,30,1.365365287,
2001,T6,4,4,2,Deep,49,1.433748059,
2001,T6,4,4,1,Surface,22,1.170247379,fungi
2001,T6,4,4,1,Middle,45,1.429843387,
2001,T6,4,4,1,Deep,33,1.466821112,
2001,T6,4,3,2,Surface,22,1.103194474,fungi
2001,T6,4,3,2,Middle,28,1.334394281,
2001,T6,4,3,2,Deep,50,1.355625397,
2001,T6,4,3,1,Surface,22,1.197138999,
2001,T6,4,3,1,Middle,44,1.349319344,
2001,T6,4,3,1,Deep,34,1.367113044,
2001,T6,4,2,2,Surface,24,1.195310234,
2001,T6,4,2,2,Middle,39,1.419028909,
2001,T6,4,2,2,Deep,37,1.454720323,
2001,T6,4,2,1,Surface,24,1.184079297,
2001,T6,4,2,1,Middle,49,1.364345742,
2001,T6,4,2,1,Deep,27,1.460374313,
2001,T6,4,1,2,Surface,22,1.21874624,
2001,T6,4,1,2,Middle,28,1.391281978,
2001,T6,4,1,2,Deep,50,1.383779527,
2001,T6,4,1,1,Surface,26,1.095888882,
2001,T6,4,1,1,Middle,34,1.320053284,
2001,T6,4,1,1,Deep,40,1.427773657,
2001,T6,3,5,2,Surface,21,1.219658285,
2001,T6,3,5,2,Middle,29,1.343217652,Bt1 horizon  changed from 62 to 50 cm based on texture
2001,T6,3,5,2,Deep,50,1.528891974,
2001,T6,3,5,1,Surface,23,1.184765155,
2001,T6,3,5,1,Middle,27,1.393990715,
2001,T6,3,5,1,Deep,50,1.523789489,
2001,T6,3,4,2,Surface,30,1.241817798,roots
2001,T6,3,4,2,Middle,44,1.338505938,
2001,T6,3,4,2,Deep,26,1.505778079,
2001,T6,3,4,1,Surface,25,1.315010308,
2001,T6,3,4,1,Middle,41,1.378096681,
2001,T6,3,4,1,Deep,34,1.456842346,
2001,T6,3,3,2,Surface,22,1.260303645,
2001,T6,3,3,2,Middle,37,1.399978594,
2001,T6,3,3,2,Deep,41,1.500381138,
2001,T6,3,3,1,Surface,18,1.29323468,
2001,T6,3,3,1,Middle,35,1.278783107,
2001,T6,3,3,1,Deep,47,1.491701808,
2001,T6,3,2,2,Surface,24,1.254407212,
2001,T6,3,2,2,Middle,50,1.343841883,
2001,T6,3,2,2,Deep,26,1.570817601,fungi
2001,T6,3,2,1,Surface,22,1.349537896,
2001,T6,3,2,1,Middle,51,1.373928857,
2001,T6,3,2,1,Deep,27,1.636156891,fungi
2001,T6,3,1,2,Surface,21,1.340466471,fungi
2001,T6,3,1,2,Middle,53,1.396461635,
2001,T6,3,1,2,Deep,26,1.529327443,
2001,T6,3,1,1,Surface,23,1.259299017,
2001,T6,3,1,1,Middle,58,1.350007933,
2001,T6,3,1,1,Deep,19,1.304683299,fungi
2001,T6,2,5,2,Surface,12,1.232936865,fungi
2001,T6,2,5,2,Middle,53,1.381464485,small pieces of charcoal
2001,T6,2,5,2,Deep,35,1.448367946,
2001,T6,2,5,1,Surface,12,1.099157655,
2001,T6,2,5,1,Middle,36,1.437335144,
2001,T6,2,5,1,Deep,52,1.431828884,black flakes- chrcoal?
2001,T6,2,4,2,Surface,12,1.300489938,
2001,T6,2,4,2,Middle,37,1.419489645,
2001,T6,2,4,2,Deep,51,1.521749749,
2001,T6,2,4,1,Surface,9,1.070480178,fungi
2001,T6,2,4,1,Middle,34,1.359539073,
2001,T6,2,4,1,Deep,57,1.415168882,
2001,T6,2,3,2,Surface,18,1.289279007,* changed depth from 15 to 18 based on a natural break/fungi
2001,T6,2,3,2,Middle,20,1.357241216,
2001,T6,2,3,2,Deep,62,1.502270943,
2001,T6,2,3,1,Surface,20,1.250615485,
2001,T6,2,3,1,Middle,29,1.41571232,
2001,T6,2,3,1,Deep,51,1.486464779,
2001,T6,2,2,2,Surface,12,1.260446084,fungi
2001,T6,2,2,2,Middle,60,1.421766361,charcoal
2001,T6,2,2,2,Deep,28,1.344379614,
2001,T6,2,2,1,Surface,14,1.240004171,fungi
2001,T6,2,2,1,Middle,33,1.365429743,
2001,T6,2,2,1,Deep,53,1.586279306,
2001,T6,2,1,2,Surface,11,1.203009227,fungi
2001,T6,2,1,2,Middle,44,1.400979047,
2001,T6,2,1,2,Deep,45,1.504263398,
2001,T6,2,1,1,Surface,9,1.285227504,fungi
2001,T6,2,1,1,Middle,34,1.279333167,
2001,T6,2,1,1,Deep,57,1.509901315,
2001,T6,1,5,2,Surface,21,1.482366197,
2001,T6,1,5,2,Middle,26,1.479211351,
2001,T6,1,5,2,Deep,53,1.573815802,
2001,T6,1,5,1,Surface,22,1.491537655,
2001,T6,1,5,1,Middle,22,1.550187744,
2001,T6,1,5,1,Deep,56,1.539676955,
2001,T6,1,4,2,Surface,22,1.344553617,
2001,T6,1,4,2,Middle,29,1.416871419,
2001,T6,1,4,2,Deep,49,1.501558697,
2001,T6,1,4,1,Surface,22,1.453111735,
2001,T6,1,4,1,Middle,32,1.498483352,
2001,T6,1,4,1,Deep,46,1.574550294,
2001,T6,1,3,2,Surface,26,1.289914437,fungi
2001,T6,1,3,2,Middle,61,1.611032075,
2001,T6,1,3,2,Deep,13,1.555823512,fungi
2001,T6,1,3,1,Surface,17,1.361995907,fungi
2001,T6,1,3,1,Middle,48,1.523195003,
2001,T6,1,3,1,Deep,35,1.601586844,fungi
2001,T6,1,2,2,Surface,29,1.349978238,* changes drom 15 to 29cm based on clear color  change
2001,T6,1,2,2,Middle,32,1.699088349,
2001,T6,1,2,2,Deep,39,1.395750405,* actual measured length 35
2001,T6,1,2,1,Surface,23,1.427437025,
2001,T6,1,2,1,Middle,30,1.549136435,
2001,T6,1,2,1,Deep,40,1.495247551,"* actually 38 cm, no soil past 91 cm in the tube"
2001,T6,1,1,2,Surface,23,1.347274434,
2001,T6,1,1,2,Middle,28,1.524594385,
2001,T6,1,1,2,Deep,49,1.454845262,
2001,T6,1,1,1,Surface,21,1.416098027,
2001,T6,1,1,1,Middle,36,1.581824723,
2001,T6,1,1,1,Deep,43,1.576711142,
2001,T5,6,5,2,Surface,22,1.206468213,root mass
2001,T5,6,5,2,Middle,16,1.379430032,
2001,T5,6,5,2,Deep,62,1.382912572,charcoal
2001,T5,6,5,1,Surface,24,1.141750982,root mass
2001,T5,6,5,1,Middle,48,1.4577422,
2001,T5,6,5,1,Deep,28,1.563246033,
2001,T5,6,4,2,Surface,23,1.176253418,root mass
2001,T5,6,4,2,Middle,27,1.495521261,
2001,T5,6,4,2,Deep,50,1.463801213,
2001,T5,6,4,1,Surface,21,1.306635258,root mass
2001,T5,6,4,1,Middle,32,1.454745489,
2001,T5,6,4,1,Deep,47,1.40072442,
2001,T5,6,3,2,Surface,16,1.297081785,
2001,T5,6,3,2,Middle,25,1.425145546,
2001,T5,6,3,2,Deep,59,1.507752683,
2001,T5,6,3,1,Surface,22,1.235160436,
2001,T5,6,3,1,Middle,27,1.493979681,
2001,T5,6,3,1,Deep,51,1.552197374,
2001,T5,6,2,2,Surface,33,1.156099594,compressed to 96 cm
2001,T5,6,2,2,Middle,18,1.465195204,
2001,T5,6,2,2,Deep,49,1.392789984,
2001,T5,6,2,1,Surface,34,1.131611618,
2001,T5,6,2,1,Middle,12,1.417894498,
2001,T5,6,2,1,Deep,54,1.534276354,
2001,T5,6,1,2,Surface,23,1.238269285,
2001,T5,6,1,2,Middle,26,1.471353835,
2001,T5,6,1,2,Deep,51,1.32411114,charcoal
2001,T5,6,1,1,Surface,24,1.137371036,root mass 3cm included in BD
2001,T5,6,1,1,Middle,23,1.475299945,charcoal
2001,T5,6,1,1,Deep,53,1.466751638,
2001,T5,5,5,2,Surface,31,1.311302179,
2001,T5,5,5,2,Middle,44,1.430698789,
2001,T5,5,5,2,Deep,25,1.46999581,
2001,T5,5,5,1,Surface,27,1.334049855,
2001,T5,5,5,1,Middle,37,1.434265102,
2001,T5,5,5,1,Deep,36,1.407801406,
2001,T5,5,4,2,Surface,20,1.345428997,
2001,T5,5,4,2,Middle,38,1.448417393,
2001,T5,5,4,2,Deep,42,1.500560555,
2001,T5,5,4,1,Surface,21,1.372342991,
2001,T5,5,4,1,Middle,40,1.441710066,
2001,T5,5,4,1,Deep,39,1.505019598,
2001,T5,5,3,2,Surface,20,1.483530059,
2001,T5,5,3,2,Middle,14,1.647372983,
2001,T5,5,3,2,Deep,62,1.459965392,
2001,T5,5,3,1,Surface,20,1.462580951,
2001,T5,5,3,1,Middle,54,1.532007256,
2001,T5,5,3,1,Deep,26,1.522636906,
2001,T5,5,2,2,Surface,20,1.252553091,
2001,T5,5,2,2,Middle,30,1.415526792,
2001,T5,5,2,2,Deep,50,1.470480929,
2001,T5,5,2,1,Surface,21,1.323297984,
2001,T5,5,2,1,Middle,29,1.443403009,
2001,T5,5,2,1,Deep,50,1.357686435,
2001,T5,5,1,2,Surface,22,1.439346252,
2001,T5,5,1,2,Middle,51,1.433222128,
2001,T5,5,1,2,Deep,27,1.570326135,
2001,T5,5,1,1,Surface,21,1.353643557,
2001,T5,5,1,1,Middle,43,1.421197329,
2001,T5,5,1,1,Deep,36,1.458955795,
2001,T5,4,5,2,Surface,23,1.138649512,root mass approx 3 cm
2001,T5,4,5,2,Middle,34,1.435752414,
2001,T5,4,5,2,Deep,43,1.402957466,
2001,T5,4,5,1,Surface,22,1.226183515,root mass approx 2 cm
2001,T5,4,5,1,Middle,25,1.385039688,
2001,T5,4,5,1,Deep,53,1.410737362,
2001,T5,4,4,2,Surface,10,1.343748303,
2001,T5,4,4,2,Middle,33,1.409175707,
2001,T5,4,4,2,Deep,57,1.405060598,
2001,T5,4,4,1,Surface,9,1.690195097,
2001,T5,4,4,1,Middle,30,1.393668684,
2001,T5,4,4,1,Deep,61,1.453096612,
2001,T5,4,3,2,Surface,18,1.251930984,root mass approx 2 cm
2001,T5,4,3,2,Middle,30,1.385296314,
2001,T5,4,3,2,Deep,52,1.488250199,
2001,T5,4,3,1,Surface,11,1.259923952,root mass approx 1cm
2001,T5,4,3,1,Middle,33,1.442409944,
2001,T5,4,3,1,Deep,56,1.444636876,
2001,T5,4,2,2,Surface,12,1.358929086,root mass approx 2 cm
2001,T5,4,2,2,Middle,18,1.460905361,
2001,T5,4,2,2,Deep,70,1.428491596,
2001,T5,4,2,1,Surface,18,1.37270044,a lot of roots (roots + soil = approx 2.5 cm) and OM/some stems passed thru screen
2001,T5,4,2,1,Middle,15,1.521415755,
2001,T5,4,2,1,Deep,67,1.453483287,
2001,T5,4,1,2,Surface,24,1.325345115,a lot of roots(1 cm) and OM/some stems passed thru screen
2001,T5,4,1,2,Middle,19,1.454177332,
2001,T5,4,1,2,Deep,57,1.476984929,
2001,T5,4,1,1,Surface,19,1.253270647,a lot of roots (1.5 cm)and OM/some stems passed thru screen
2001,T5,4,1,1,Middle,34,1.432881887,
2001,T5,4,1,1,Deep,47,1.386407208,
2001,T5,3,5,2,Surface,15,1.043530393,large root mass
2001,T5,3,5,2,Middle,40,1.366880447,
2001,T5,3,5,2,Deep,45,1.476114371,
2001,T5,3,5,1,Surface,16,1.092127939,3 cm (depth)root  mass from 8 cm B..D
2001,T5,3,5,1,Middle,43,1.422992076,
2001,T5,3,5,1,Deep,41,1.522639626,
2001,T5,3,4,2,Surface,11,1.291499751,
2001,T5,3,4,2,Middle,22,1.357953759,
2001,T5,3,4,2,Deep,67,1.494062258,
2001,T5,3,4,1,Surface,12,1.316062547,
2001,T5,3,4,1,Middle,17,1.485664971,
2001,T5,3,4,1,Deep,71,1.459020224,
2001,T5,3,3,2,Surface,11,1.225190574,
2001,T5,3,3,2,Middle,19,1.461746459,
2001,T5,3,3,2,Deep,70,1.469422853,
2001,T5,3,3,1,Surface,12,1.27321993,root mass approx 2 cm
2001,T5,3,3,1,Middle,16,1.173523531,
2001,T5,3,3,1,Deep,72,1.516595183,
2001,T5,3,2,2,Surface,9,1.197548847,root mass/ decaying OM
2001,T5,3,2,2,Middle,50,1.421370228,
2001,T5,3,2,2,Deep,41,1.521512419,
2001,T5,3,2,1,Surface,10,1.320353507,fungi/ root mass
2001,T5,3,2,1,Middle,31,1.384213569,
2001,T5,3,2,1,Deep,59,1.498637035,
2001,T5,3,1,2,Surface,9,1.077847864,fungi
2001,T5,3,1,2,Middle,31,1.428845637,
2001,T5,3,1,2,Deep,60,1.475788725,
2001,T5,3,1,1,Surface,11,1.185029289,
2001,T5,3,1,1,Middle,33,1.475519679,
2001,T5,3,1,1,Deep,56,1.528251232,
2001,T5,2,5,2,Surface,29,1.392471939,"roots,charcoal"
2001,T5,2,5,2,Middle,28,1.517605677,
2001,T5,2,5,2,Deep,43,1.532426251,
2001,T5,2,5,1,Surface,33,1.44133344,root mass
2001,T5,2,5,1,Middle,18,1.492194107,
2001,T5,2,5,1,Deep,49,1.515268101,
2001,T5,2,4,2,Surface,24,1.423134406,root mass
2001,T5,2,4,2,Middle,31,1.46906913,
2001,T5,2,4,2,Deep,45,1.436812389,
2001,T5,2,4,1,Surface,23,1.366881383,root mass
2001,T5,2,4,1,Middle,27,1.372812604,
2001,T5,2,4,1,Deep,50,1.462199458,
2001,T5,2,3,2,Surface,41,1.345603714,
2001,T5,2,3,2,Middle,29,1.425225643,
2001,T5,2,3,2,Deep,30,1.596680977,
2001,T5,2,3,1,Surface,27,1.244978461,
2001,T5,2,3,1,Middle,43,1.434033926,
2001,T5,2,3,1,Deep,30,1.626907628,
2001,T5,2,2,2,Surface,25,1.170358703,
2001,T5,2,2,2,Middle,26,1.449663188,
2001,T5,2,2,2,Deep,49,1.559661682,
2001,T5,2,2,1,Surface,22,1.278492349,
2001,T5,2,2,1,Middle,26,1.377574816,
2001,T5,2,2,1,Deep,52,1.485496701,
2001,T5,2,1,2,Surface,14,1.043824144,room mass 2cm
2001,T5,2,1,2,Middle,32,1.309497712,
2001,T5,2,1,2,Deep,54,1.452546887,
2001,T5,2,1,1,Surface,26,1.29833833,
2001,T5,2,1,1,Middle,26,1.426220315,
2001,T5,2,1,1,Deep,48,1.497624586,
2001,T5,1,5,2,Surface,30,1.302682542,
2001,T5,1,5,2,Middle,36,1.602856916,
2001,T5,1,5,2,Deep,26,1.676607567,compressed/gap between 66 & 70
2001,T5,1,5,1,Surface,33,1.400411031,
2001,T5,1,5,1,Middle,45,1.393559923,
2001,T5,1,5,1,Deep,22,1.645619724,
2001,T5,1,4,2,Surface,25,1.365807156,
2001,T5,1,4,2,Middle,34,1.505982393,
2001,T5,1,4,2,Deep,41,1.551907101,
2001,T5,1,4,1,Surface,27,1.331041118,
2001,T5,1,4,1,Middle,40,1.468298324,
2001,T5,1,4,1,Deep,33,1.617248913,
2001,T5,1,3,2,Surface,35,1.278051368,
2001,T5,1,3,2,Middle,20,1.668549887,
2001,T5,1,3,2,Deep,43,1.51095404,compressed
2001,T5,1,3,1,Surface,27,1.274640575,
2001,T5,1,3,1,Middle,26,1.597915377,
2001,T5,1,3,1,Deep,47,1.358200919,
2001,T5,1,2,2,Surface,26,1.287308882,large root mass
2001,T5,1,2,2,Middle,37,1.532724183,
2001,T5,1,2,2,Deep,37,1.457151737,
2001,T5,1,2,1,Surface,23,1.260135214,large root mass
2001,T5,1,2,1,Middle,36,1.575690872,
2001,T5,1,2,1,Deep,41,1.541068433,
2001,T5,1,1,2,Surface,28,1.194630364,
2001,T5,1,1,2,Middle,51,1.541823739,
2001,T5,1,1,2,Deep,21,1.537138589,
2001,T5,1,1,1,Surface,28,1.228615355,
2001,T5,1,1,1,Middle,41,1.498396274,
2001,T5,1,1,1,Deep,31,1.451795038,
2001,T4,6,5,2,Surface,22,1.48865408,fungal growth
2001,T4,6,5,2,Middle,43,1.609435152,
2001,T4,6,5,2,Deep,35,1.498534919,
2001,T4,6,5,1,Surface,23,1.513041137,fungal growth
2001,T4,6,5,1,Middle,38,1.518218793,* low gravel content
2001,T4,6,5,1,Deep,39,1.414482435,
2001,T4,6,4,2,Surface,21,1.435057175,
2001,T4,6,4,2,Middle,35,1.598634302,
2001,T4,6,4,2,Deep,44,1.470679361,
2001,T4,6,4,1,Surface,24,1.393328766,
2001,T4,6,4,1,Middle,36,1.556141478,
2001,T4,6,4,1,Deep,40,1.486399151,
2001,T4,6,3,2,Surface,21,1.514734808,
2001,T4,6,3,2,Middle,24,1.624836782,"little clay compared to other cores in this rep,trt"
2001,T4,6,3,2,Deep,55,1.492551995,
2001,T4,6,3,1,Surface,20,1.34125238,green growth
2001,T4,6,3,1,Middle,24,1.580259887,
2001,T4,6,3,1,Deep,56,1.501785996,
2001,T4,6,2,2,Surface,24,1.362518441,
2001,T4,6,2,2,Middle,31,1.459753277,very hard to sieve
2001,T4,6,2,2,Deep,45,1.423989425,
2001,T4,6,2,1,Surface,22,1.394787842,growth/ the entire core
2001,T4,6,2,1,Middle,34,1.420975109,
2001,T4,6,2,1,Deep,44,1.515172532,
2001,T4,6,1,2,Surface,15,1.304614407,extensive growth
2001,T4,6,1,2,Middle,28,1.469903666,
2001,T4,6,1,2,Deep,57,1.406531114,
2001,T4,6,1,1,Surface,24,1.388401028,fungal growth
2001,T4,6,1,1,Middle,28,1.480193481,
2001,T4,6,1,1,Deep,48,1.475173476,
2001,T4,5,5,2,Surface,23,1.295068281,
2001,T4,5,5,2,Middle,36,1.390118959,
2001,T4,5,5,2,Deep,41,1.435097649,
2001,T4,5,5,1,Surface,24,1.302165608,
2001,T4,5,5,1,Middle,28,1.336916244,
2001,T4,5,5,1,Deep,48,1.424249726,
2001,T4,5,4,2,Surface,25,1.251847228,
2001,T4,5,4,2,Middle,46,1.421044629,
2001,T4,5,4,2,Deep,29,1.447170328,
2001,T4,5,4,1,Surface,22,1.20357159,
2001,T4,5,4,1,Middle,40,1.335629735,
2001,T4,5,4,1,Deep,38,1.443791312,
2001,T4,5,3,2,Surface,22,1.302904877,
2001,T4,5,3,2,Middle,29,1.336476862,
2001,T4,5,3,2,Deep,49,1.448165135,
2001,T4,5,3,1,Surface,24,1.367398337,
2001,T4,5,3,1,Middle,22,1.347737292,
2001,T4,5,3,1,Deep,54,1.307042979,
2001,T4,5,2,2,Surface,20,1.29927092,
2001,T4,5,2,2,Middle,22,1.384545279,
2001,T4,5,2,2,Deep,58,1.486845468,
2001,T4,5,2,1,Surface,21,1.407117378,
2001,T4,5,2,1,Middle,25,1.288302923,
2001,T4,5,2,1,Deep,54,1.461551761,
2001,T4,5,1,2,Surface,26,1.327959962,
2001,T4,5,1,2,Middle,19,1.353164992,
2001,T4,5,1,2,Deep,55,1.406742544,
2001,T4,5,1,1,Surface,22,1.491942139,
2001,T4,5,1,1,Middle,15,1.501360338,
2001,T4,5,1,1,Deep,63,1.484126143,
2001,T4,4,5,2,Surface,10,1.041854962,
2001,T4,4,5,2,Middle,64,1.232320898,
2001,T4,4,5,2,Deep,26,1.465710305,
2001,T4,4,5,1,Surface,14,1.051226003,
2001,T4,4,5,1,Middle,56,1.30504314,
2001,T4,4,5,1,Deep,30,1.556034312,
2001,T4,4,4,2,Surface,12,1.260350399,
2001,T4,4,4,2,Middle,41,1.445466819,
2001,T4,4,4,2,Deep,47,1.455368263,
2001,T4,4,4,1,Surface,9,1.163867995,fungi
2001,T4,4,4,1,Middle,49,1.399714737,
2001,T4,4,4,1,Deep,42,1.496096885,
2001,T4,4,3,2,Surface,15,1.273249113,changed the depth  from 10 cm to 15 cm/ fungi
2001,T4,4,3,2,Middle,47,1.383183667,charcoal
2001,T4,4,3,2,Deep,38,1.42667315,charcoal
2001,T4,4,3,1,Surface,10,1.325721393,
2001,T4,4,3,1,Middle,57,1.450199386,
2001,T4,4,3,1,Deep,33,1.456200161,
2001,T4,4,2,2,Surface,15,1.282090337,fungi
2001,T4,4,2,2,Middle,33,1.368536001,
2001,T4,4,2,2,Deep,52,1.438574622,
2001,T4,4,2,1,Surface,20,1.360154801,fungi
2001,T4,4,2,1,Middle,33,1.35664419,
2001,T4,4,2,1,Deep,47,1.477117087,
2001,T4,4,1,2,Surface,17,1.245351191,fungi
2001,T4,4,1,2,Middle,51,1.434648949,
2001,T4,4,1,2,Deep,32,1.446098026,
2001,T4,4,1,1,Surface,10,1.340332376,
2001,T4,4,1,1,Middle,44,1.353373964,
2001,T4,4,1,1,Deep,46,1.436004925,
2001,T4,3,5,2,Surface,17,1.149171646,fungal growth 
2001,T4,3,5,2,Middle,53,1.375007423,
2001,T4,3,5,2,Deep,30,1.372672692,
2001,T4,3,5,1,Surface,14,1.062995164,fungal growth 
2001,T4,3,5,1,Middle,45,1.379030591,
2001,T4,3,5,1,Deep,41,1.447863094,
2001,T4,3,4,2,Surface,20,1.21497789,fungal growth 
2001,T4,3,4,2,Middle,43,1.353123779,
2001,T4,3,4,2,Deep,37,1.548785947,
2001,T4,3,4,1,Surface,22,1.143577572,fungal growth 
2001,T4,3,4,1,Middle,38,1.348963447,
2001,T5,1,2,1,Deep,41,1.541068433,
2001,T5,1,2,2,Surface,26,1.287308882,large root mass
2001,T5,1,2,2,Middle,37,1.532724183,
2001,T5,1,2,2,Deep,37,1.457151737,
2001,T5,1,3,1,Surface,27,1.274640575,
2001,T5,1,3,1,Middle,26,1.597915377,
2001,T5,1,3,1,Deep,47,1.358200919,
2001,T5,1,3,2,Surface,35,1.278051368,
2001,T5,1,3,2,Middle,20,1.668549887,
2001,T5,1,3,2,Deep,43,1.51095404,compressed
2001,T5,1,4,1,Surface,27,1.331041118,
2001,T5,1,4,1,Middle,40,1.468298324,
2001,T5,1,4,1,Deep,33,1.617248913,
2001,T5,1,4,2,Surface,25,1.365807156,
2001,T5,1,4,2,Middle,34,1.505982393,
2001,T5,1,4,2,Deep,41,1.551907101,
2001,T5,1,5,1,Surface,33,1.400411031,
2001,T5,1,5,1,Middle,45,1.393559923,
2001,T5,1,5,1,Deep,22,1.645619724,
2001,T5,1,5,2,Surface,30,1.302682542,
2001,T5,1,5,2,Middle,36,1.602856916,
2001,T5,1,5,2,Deep,26,1.676607567,compressed/gap between 66 & 70
2001,T5,2,1,1,Surface,26,1.29833833,
2001,T5,2,1,1,Middle,26,1.426220315,
2001,T5,2,1,1,Deep,48,1.497624586,
2001,T5,2,1,2,Surface,14,1.043824144,room mass 2cm
2001,T5,2,1,2,Middle,32,1.309497712,
2001,T5,2,1,2,Deep,54,1.452546887,
2001,T5,2,2,1,Surface,22,1.278492349,
2001,T5,2,2,1,Middle,26,1.377574816,
2001,T5,2,2,1,Deep,52,1.485496701,
2001,T5,2,2,2,Surface,25,1.170358703,
2001,T5,2,2,2,Middle,26,1.449663188,
2001,T5,2,2,2,Deep,49,1.559661682,
2001,T5,2,3,1,Surface,27,1.244978461,
2001,T5,2,3,1,Middle,43,1.434033926,
2001,T5,2,3,1,Deep,30,1.626907628,
2001,T5,2,3,2,Surface,41,1.345603714,
2001,T5,2,3,2,Middle,29,1.425225643,
2001,T5,2,3,2,Deep,30,1.596680977,
2001,T5,2,4,1,Surface,23,1.366881383,root mass
2001,T5,2,4,1,Middle,27,1.372812604,
2001,T5,2,4,1,Deep,50,1.462199458,
2001,T5,2,4,2,Surface,24,1.423134406,root mass
2001,T5,2,4,2,Middle,31,1.46906913,
2001,T5,2,4,2,Deep,45,1.436812389,
2001,T5,2,5,1,Surface,33,1.44133344,root mass
2001,T5,2,5,1,Middle,18,1.492194107,
2001,T5,2,5,1,Deep,49,1.515268101,
2001,T5,2,5,2,Surface,29,1.392471939,"roots,charcoal"
2001,T5,2,5,2,Middle,28,1.517605677,
2001,T5,2,5,2,Deep,43,1.532426251,
2001,T5,3,1,1,Surface,11,1.185029289,
2001,T5,3,1,1,Middle,33,1.475519679,
2001,T5,3,1,1,Deep,56,1.528251232,
2001,T5,3,1,2,Surface,9,1.077847864,fungi
2001,T5,3,1,2,Middle,31,1.428845637,
2001,T5,3,1,2,Deep,60,1.475788725,
2001,T5,3,2,1,Surface,10,1.320353507,fungi/ root mass
2001,T5,3,2,1,Middle,31,1.384213569,
2001,T5,3,2,1,Deep,59,1.498637035,
2001,T5,3,2,2,Surface,9,1.197548847,root mass/ decaying OM
2001,T5,3,2,2,Middle,50,1.421370228,
2001,T5,3,2,2,Deep,41,1.521512419,
2001,T5,3,3,1,Surface,12,1.27321993,root mass approx 2 cm
2001,T5,3,3,1,Middle,16,1.173523531,
2001,T5,3,3,1,Deep,72,1.516595183,
2001,T5,3,3,2,Surface,11,1.225190574,
2001,T5,3,3,2,Middle,19,1.461746459,
2001,T5,3,3,2,Deep,70,1.469422853,
2001,T5,3,4,1,Surface,12,1.316062547,
2001,T7,2,1,1,Middle,41,1.325860088,
2001,T7,2,1,1,Deep,42,1.547725366,
2001,T7,2,1,2,Surface,21,1.086985253,
2001,T7,2,1,2,Middle,32,1.400985897,
2001,T7,2,1,2,Deep,47,1.576083092,
2001,T7,2,2,1,Surface,19,1.149010079,fungal growth
2001,T7,2,2,1,Middle,39,1.363417965,
2001,T6,2,5,1,Surface,12,1.099157655,
2001,T6,2,5,1,Middle,36,1.437335144,
2001,T6,2,5,1,Deep,52,1.431828884,black flakes- chrcoal?
2001,T6,2,5,2,Surface,12,1.232936865,fungi
2001,T6,2,5,2,Middle,53,1.381464485,small pieces of charcoal
2001,T6,2,5,2,Deep,35,1.448367946,
2001,T6,3,1,1,Surface,23,1.259299017,
2001,T6,3,1,1,Middle,58,1.350007933,
2001,T6,3,1,1,Deep,19,1.304683299,fungi
2001,T6,3,1,2,Surface,21,1.340466471,fungi
2001,T6,3,1,2,Middle,53,1.396461635,
2001,T6,3,1,2,Deep,26,1.529327443,
2001,T6,3,2,1,Surface,22,1.349537896,
2001,T6,3,2,1,Middle,51,1.373928857,
2001,T6,3,2,1,Deep,27,1.636156891,fungi
2001,T7,2,2,1,Deep,42,1.531403685,
2001,T7,2,2,2,Surface,9,1.121990193,fungal growth
2001,T7,2,2,2,Middle,53,1.312398518,
2001,T7,2,2,2,Deep,38,1.58819318,
2001,T7,2,3,1,Surface,22,1.128520352,fungi
2001,T7,2,3,1,Middle,31,1.400316216,
2001,T7,2,3,1,Deep,47,1.452998552,
2001,T1,3,1,2,Deep,67,1.464648352,
2001,T1,3,2,1,Surface,21,1.300757512,* hor depth chaned based on conv. w/ Dr. M
2001,T1,3,2,1,Middle,38,1.498442372,
2001,T1,3,2,1,Deep,41,1.452448936,
2001,T1,3,2,2,Surface,10,1.188309258,
2001,T1,3,2,2,Middle,46,1.435803988,
2001,T1,3,2,2,Deep,44,1.530197132,
2001,T1,3,3,1,Surface,12,1.195500407,fungi
2001,T8,2,5,1,Middle,31,1.374777869,
2001,T8,2,5,1,Deep,54,1.306979721,
2001,T8,2,5,2,Surface,16,1.113493632,
2001,T8,2,5,2,Middle,44,1.272520347,
2001,T8,2,5,2,Deep,40,1.445209239,
2001,T8,3,1,1,Surface,23,1.062430776,
2001,T8,3,1,1,Middle,34,1.326739923,
2001,T8,3,1,1,Deep,43,1.445787066,
2001,T8,3,1,2,Surface,11,1.051393202,
2001,T8,3,1,2,Middle,45,1.28702573,charcoal
2001,T8,3,1,2,Deep,44,1.42311864,
2001,T8,3,2,1,Surface,11,0.90029909,
2001,T8,3,2,1,Middle,35,1.337402388,
2001,T8,3,2,1,Deep,54,1.449698079,
2001,T8,3,2,2,Surface,13,0.986995434,
2001,T8,3,2,2,Middle,39,1.368916865,
2001,T1,3,3,1,Middle,46,1.234648677,hyphae filaments?
2001,T1,3,3,1,Deep,42,1.38378956,fungi
2001,T1,3,3,2,Surface,17,1.093128825,
2001,T1,3,3,2,Middle,53,1.137620243,
2001,T1,3,3,2,Deep,30,1.491493379,fungi
2001,T1,3,4,1,Surface,21,1.138285674,fungi
2001,T1,3,4,1,Middle,47,1.31936513,
2001,T7,6,2,1,Surface,24,1.268712006,
2001,T7,6,2,1,Middle,27,1.53314643,
2001,T7,6,2,1,Deep,49,1.44018917,
2001,T7,6,2,2,Surface,24,1.253330764,
2001,T7,6,2,2,Middle,33,1.512218933,
2001,T7,6,2,2,Deep,43,1.419521075,
2001,T7,6,3,1,Surface,21,1.274827083,
2001,T6,3,2,2,Surface,24,1.254407212,
2001,T6,3,2,2,Middle,50,1.343841883,
2001,T6,3,2,2,Deep,26,1.570817601,fungi
2001,T6,3,3,1,Surface,18,1.29323468,
2001,T6,3,3,1,Middle,35,1.278783107,
2001,T6,3,3,1,Deep,47,1.491701808,
2001,T6,3,3,2,Surface,22,1.260303645,
2001,T6,3,3,2,Middle,37,1.399978594,
2001,T6,3,3,2,Deep,41,1.500381138,
2001,T6,3,4,1,Surface,25,1.315010308,
2001,T6,3,4,1,Middle,41,1.378096681,
2001,T6,3,4,1,Deep,34,1.456842346,
2001,T6,3,4,2,Surface,30,1.241817798,roots
2001,T6,3,4,2,Middle,44,1.338505938,
2001,T6,3,4,2,Deep,26,1.505778079,
2001,T6,3,5,1,Surface,23,1.184765155,
2001,T7,6,3,1,Middle,24,1.487374412,
2001,T7,6,3,1,Deep,49,1.483709877,compressed only goes to 94
2001,T7,6,3,2,Surface,22,1.418991605,
2001,T7,6,3,2,Middle,26,1.44731869,
2001,T7,6,3,2,Deep,52,1.492573655,
2001,T7,6,4,1,Surface,24,1.192595194,
2001,T7,6,4,1,Middle,35,1.407532647,
2001,T7,2,3,2,Surface,22,1.272790438,fungi
2001,T7,2,3,2,Middle,16,1.4708025,
2001,T7,2,3,2,Deep,62,1.488728743,
2001,T7,2,4,1,Surface,19,1.257259169,
2001,T7,2,4,1,Middle,17,1.495542962,
2001,T7,2,4,1,Deep,64,1.412998156,
2001,T7,2,4,2,Surface,19,1.083985085,fungi
2001,T7,2,4,2,Middle,20,1.321876322,
2001,T7,2,4,2,Deep,61,1.428566311,
2001,T7,2,5,1,Surface,22,1.17455317,changed Ap hor depth from 13 to 22 based on natural break (texture and color)/ fungi
2001,T7,2,5,1,Middle,32,1.284658681,
2001,T7,2,5,1,Deep,46,1.411268469,
2001,T7,2,5,2,Surface,19,1.220879014,
2001,T7,2,5,2,Middle,33,1.45133551,
2001,T7,2,5,2,Deep,48,1.482685884,
2001,T7,6,4,1,Deep,41,1.378803811,
2001,T7,6,4,2,Surface,25,1.29514626,
2001,T1,3,4,1,Deep,32,1.327617914,
2001,T1,3,4,2,Surface,16,1.183103916,
2001,T1,3,4,2,Middle,58,1.288909258,
2001,T1,3,4,2,Deep,26,1.524116332,
2001,T1,3,5,1,Surface,18,1.120572471,fungal growth
2001,T1,3,5,1,Middle,46,1.214573708,
2001,T1,3,5,1,Deep,36,1.372021082,fungal growth
2001,T1,3,5,2,Surface,15,1.26695309,
2001,T1,3,5,2,Middle,52,1.193187608,
2001,T1,3,5,2,Deep,33,1.460714717,fungal growth
2001,T1,4,1,1,Surface,25,1.30652503,
2001,T1,4,1,1,Middle,31,1.420298874,
2001,T1,4,1,1,Deep,44,1.34919539,
2001,T1,4,1,2,Surface,26,1.306585576,
2001,T1,4,1,2,Middle,23,1.520741638,
2001,T3,4,4,1,Deep,0,,no D profile
2001,T1,4,1,2,Deep,51,1.498377466,
2001,T1,4,2,1,Surface,25,1.303436342,
2001,T1,4,2,1,Middle,28,1.387652811,
2001,T1,4,2,1,Deep,47,1.309988278,
2001,T1,6,5,1,Middle,26,1.552115012,sandy
2001,T1,4,2,2,Surface,34,1.169097326,
2001,T6,3,5,1,Middle,27,1.393990715,
2001,T6,3,5,1,Deep,50,1.523789489,
2001,T6,3,5,2,Surface,21,1.219658285,
2001,T6,3,5,2,Middle,29,1.343217652,Bt1 horizon  changed from 62 to 50 cm based on texture
2001,T6,3,5,2,Deep,50,1.528891974,
2001,T6,4,1,1,Surface,26,1.095888882,
2001,T6,4,1,1,Middle,34,1.320053284,
2001,T6,4,1,1,Deep,40,1.427773657,
2001,T6,4,1,2,Surface,22,1.21874624,
2001,T6,4,1,2,Middle,28,1.391281978,
2001,T6,4,1,2,Deep,50,1.383779527,
2001,T6,4,2,1,Surface,24,1.184079297,
2001,T6,4,2,1,Middle,49,1.364345742,
2001,T6,4,2,1,Deep,27,1.460374313,
2001,T6,4,2,2,Surface,24,1.195310234,
2001,T6,4,2,2,Middle,39,1.419028909,
2001,T1,4,2,2,Middle,29,1.41371384,
2001,T1,4,2,2,Deep,37,1.473187898,
2001,T1,4,3,1,Surface,26,1.288346688,
2001,T1,4,3,1,Middle,29,1.43750952,
2001,T1,4,3,1,Deep,45,1.334350516,
2001,T1,4,3,2,Surface,24,1.279907062,
2001,T1,4,3,2,Middle,38,1.436247868,
2001,T1,4,3,2,Deep,38,1.475226606,
2001,T1,4,4,1,Surface,22,1.311516459,
2001,T5,3,4,1,Middle,17,1.485664971,
2001,T5,3,4,1,Deep,71,1.459020224,
2001,T5,3,4,2,Surface,11,1.291499751,
2001,T5,3,4,2,Middle,22,1.357953759,
2001,T2,4,3,1,Middle,17,1.435025495,
2001,T1,4,4,1,Middle,50,1.452861634,
2001,T1,4,4,1,Deep,28,1.510480618,
2001,T1,4,4,2,Surface,25,1.294204727,
2001,T1,4,4,2,Middle,45,1.515646633,
2001,T1,4,4,2,Deep,30,1.479640973,
2001,T1,4,5,1,Surface,28,1.315807617,
2001,T1,4,5,1,Middle,42,1.455687381,
2001,T1,4,5,1,Deep,30,1.460255346,
2001,T8,3,2,2,Deep,48,1.464868283,
2001,T8,3,3,1,Surface,12,0.990568689,
2001,T8,3,3,1,Middle,31,1.273966807,
2001,T8,3,3,1,Deep,57,1.422091385,
2001,T7,3,1,1,Surface,22,1.16416708,fungal growth 
2001,T7,3,1,1,Middle,41,1.405337284,
2001,T5,3,4,2,Deep,67,1.494062258,
2001,T5,3,5,1,Surface,16,1.092127939,3 cm (depth)root  mass from 8 cm B..D
2001,T5,3,5,1,Middle,43,1.422992076,
2001,T5,3,5,1,Deep,41,1.522639626,
2001,T5,3,5,2,Surface,15,1.043530393,large root mass
2001,T5,3,5,2,Middle,40,1.366880447,
2001,T5,3,5,2,Deep,45,1.476114371,
2001,T5,4,1,1,Surface,19,1.253270647,a lot of roots (1.5 cm)and OM/some stems passed thru screen
2001,T5,4,1,1,Middle,34,1.432881887,
2001,T5,4,1,1,Deep,47,1.386407208,
2001,T5,4,1,2,Surface,24,1.325345115,a lot of roots(1 cm) and OM/some stems passed thru screen
2001,T5,4,1,2,Middle,19,1.454177332,
2001,T5,4,1,2,Deep,57,1.476984929,
2001,T7,3,1,1,Deep,37,1.505673732,
2001,T7,3,1,2,Surface,16,1.095786067,"fungal growth , large root mass"
2001,T7,3,1,2,Middle,59,1.375768742,
2001,T7,3,1,2,Deep,25,1.559384026,
2001,T7,3,2,1,Surface,21,1.184022741,"fungal growth , large root mass"
2001,T7,3,2,1,Middle,48,1.387478871,
2001,T7,3,2,1,Deep,31,1.473576784,
2001,T7,3,2,2,Surface,16,1.059097142,
2001,T7,3,2,2,Middle,66,1.403459879,
2001,T7,3,2,2,Deep,18,1.469995364,
2001,T7,3,3,1,Surface,15,1.050304837,
2001,T7,3,3,1,Middle,36,1.317895698,
2001,T7,3,3,1,Deep,49,1.47783877,
2001,T8,3,3,2,Surface,18,0.883929402,
2001,T8,3,3,2,Middle,32,1.304976631,
2001,T8,3,3,2,Deep,50,1.430569694,
2001,T7,6,4,2,Middle,35,1.597758381,
2001,T7,6,4,2,Deep,40,1.327057623,
2001,T7,6,5,1,Surface,25,1.187914847,changed from 30cm to 25 based on color and texture
2001,T7,6,5,1,Middle,24,1.624836782,
2001,T7,6,5,1,Deep,51,1.648542381,
2001,T6,4,2,2,Deep,37,1.454720323,
2001,T6,4,3,1,Surface,22,1.197138999,
2001,T6,4,3,1,Middle,44,1.349319344,
2001,T6,4,3,1,Deep,34,1.367113044,
2001,T6,4,3,2,Surface,22,1.103194474,fungi
2001,T6,4,3,2,Middle,28,1.334394281,
2001,T6,4,3,2,Deep,50,1.355625397,
2001,T6,4,4,1,Surface,22,1.170247379,fungi
2001,T6,4,4,1,Middle,45,1.429843387,
2001,T6,4,4,1,Deep,33,1.466821112,
2001,T6,4,4,2,Surface,21,1.332921085,fungi
2001,T6,4,4,2,Middle,30,1.365365287,
2001,T6,4,4,2,Deep,49,1.433748059,
2001,T6,4,5,1,Surface,23,1.297614314,
2001,T6,4,5,1,Middle,45,1.413685508,
2001,T6,4,5,1,Deep,32,1.478078389,
2001,T7,6,5,2,Surface,25,1.213175486,
2001,T7,6,5,2,Middle,43,1.512352588,
2001,T7,6,5,2,Deep,32,1.424318798,
2001,T8,1,1,1,Surface,18,1.132654201,
2001,T8,1,1,1,Middle,23,1.303163168,
2001,T8,1,1,1,Deep,59,1.405640713,
2001,T8,1,1,2,Surface,12,1.13028203,
2001,T8,1,1,2,Middle,37,1.28359501,
2001,T5,4,2,1,Surface,18,1.37270044,a lot of roots (roots + soil = approx 2.5 cm) and OM/some stems passed thru screen
2001,T5,4,2,1,Middle,15,1.521415755,
2001,T5,4,2,1,Deep,67,1.453483287,
2001,T5,4,2,2,Surface,12,1.358929086,root mass approx 2 cm
2001,T5,4,2,2,Middle,18,1.460905361,
2001,T5,4,2,2,Deep,70,1.428491596,
2001,T5,4,3,1,Surface,11,1.259923952,root mass approx 1cm
2001,T5,4,3,1,Middle,33,1.442409944,
2001,T5,4,3,1,Deep,56,1.444636876,
2001,T5,4,3,2,Surface,18,1.251930984,root mass approx 2 cm
2001,T5,4,3,2,Middle,30,1.385296314,
2001,T5,4,3,2,Deep,52,1.488250199,
2001,T5,4,4,1,Surface,9,1.690195097,
2001,T5,4,4,1,Middle,30,1.393668684,
2001,T5,4,4,1,Deep,61,1.453096612,
2001,T8,1,1,2,Deep,51,1.424279029,
2001,T8,1,2,1,Surface,11,1.055072696,
2001,T8,1,2,1,Middle,31,1.318126626,
2001,T8,3,4,1,Surface,13,0.877694592,
2001,T8,3,4,1,Middle,40,1.253737901,
2001,T8,3,4,1,Deep,47,1.310410306,
2001,T8,3,4,2,Surface,13,0.851197419,
2001,T8,3,4,2,Middle,39,1.33201219,
2001,T8,3,4,2,Deep,48,1.417270757,
2001,T8,3,5,1,Surface,10,0.968484288,
2001,T8,3,5,1,Middle,33,1.363986651,
2001,T8,3,5,1,Deep,57,1.438137129,
2001,T1,4,5,2,Surface,25,1.290702684,
2001,T1,4,5,2,Middle,75,1.424544266,
2001,T1,4,5,2,Deep,0,,no deep profile
2001,T1,5,1,1,Surface,18,1.394085868,
2001,T1,5,1,1,Middle,18,1.371467708,
2001,T1,5,1,1,Deep,64,1.474274941,
2001,T1,5,1,2,Surface,22,1.318484011,
2001,T1,5,1,2,Middle,25,1.406252119,
2001,T1,5,1,2,Deep,53,1.44838568,
2001,T1,5,2,1,Surface,18,1.515222114,
2001,T1,5,2,1,Middle,24,1.476167396,
2001,T1,5,2,1,Deep,58,1.491223022,
2001,T1,5,2,2,Surface,17,1.418055614,fungi
2001,T1,5,2,2,Middle,35,1.490175516,
2001,T1,5,2,2,Deep,48,1.427637546,
2001,T1,5,3,1,Surface,20,1.48473568,fungi
2001,T7,3,3,2,Surface,14,1.304180957,
2001,T7,3,3,2,Middle,34,1.330223162,
2001,T7,3,3,2,Deep,52,1.442724742,
2001,T7,3,4,1,Surface,11,0.946384099,fungal growth
2001,T7,3,4,1,Middle,89,1.379399896,
2001,T7,3,4,2,Surface,23,1.23679658,
2001,T7,3,4,2,Middle,47,1.412425177,
2001,T7,3,4,2,Deep,30,1.52378681,
2001,T6,4,5,2,Surface,23,1.24492142,
2001,T6,4,5,2,Middle,38,1.371302947,
2001,T6,4,5,2,Deep,39,1.40673422,
2001,T6,5,1,1,Surface,18,1.147810585,fungal growth
2001,T6,5,1,1,Middle,48,1.402435514,
2001,T6,5,1,1,Deep,34,1.301181256,* actual length 31/ fungal growth/ lots of small rocks
2001,T6,5,1,2,Surface,20,1.221852803,little OM/fungal growth
2001,T6,5,1,2,Middle,25,1.361593223,
2001,T5,4,4,2,Surface,10,1.343748303,
2001,T5,4,4,2,Middle,33,1.409175707,
2001,T5,4,4,2,Deep,57,1.405060598,
2001,T5,4,5,1,Surface,22,1.226183515,root mass approx 2 cm
2001,T5,4,5,1,Middle,25,1.385039688,
2001,T5,4,5,1,Deep,53,1.410737362,
2001,T5,4,5,2,Surface,23,1.138649512,root mass approx 3 cm
2001,T5,4,5,2,Middle,34,1.435752414,
2001,T5,4,5,2,Deep,43,1.402957466,
2001,T5,5,1,1,Surface,21,1.353643557,
2001,T5,5,1,1,Middle,43,1.421197329,
2001,T5,5,1,1,Deep,36,1.458955795,
2001,T5,5,1,2,Surface,22,1.439346252,
2001,T5,5,1,2,Middle,51,1.433222128,
2001,T5,5,1,2,Deep,27,1.570326135,
2001,T6,5,1,2,Deep,55,1.368623797,
2001,T6,5,2,1,Surface,29,1.3259252,fungal growth
2001,T6,5,2,1,Middle,30,1.431236009,* black chunks
2001,T6,5,2,1,Deep,41,1.448654589,
2001,T6,5,2,2,Surface,22,1.161961994,fungal growth
2001,T6,5,2,2,Middle,47,1.346818363,23-30 could be E hor.
2001,T6,5,2,2,Deep,31,1.394174298,
2001,T7,3,5,1,Surface,11,1.175895793,
2001,T7,3,5,1,Middle,53,1.378154171,
2001,T7,3,5,1,Deep,36,1.562400822,
2001,T7,3,5,2,Surface,20,1.222785724,fungal groth
2001,T7,3,5,2,Middle,47,1.39956888,
2001,T7,3,5,2,Deep,33,1.493253448,
2001,T7,4,1,1,Surface,25,1.2611707,large root mass
2001,T7,4,1,1,Middle,37,1.340398864,
2001,T1,5,3,1,Middle,27,1.475705055,
2001,T1,5,3,1,Deep,53,1.493160488,
2001,T1,5,3,2,Surface,23,1.436398062,
2001,T1,5,3,2,Middle,35,1.46298862,
2001,T1,5,3,2,Deep,42,1.471246321,
2001,T1,5,4,1,Surface,18,1.469054469,
2001,T1,5,4,1,Middle,26,0.895349438,
2001,T1,5,4,1,Deep,66,1.379357019,
2001,T1,5,4,2,Surface,16,1.446385078,
2001,T1,5,4,2,Middle,29,1.474657111,
2001,T1,5,4,2,Deep,55,1.377288326,
2001,T1,5,5,1,Surface,18,1.322354583,
2001,T1,5,5,1,Middle,36,1.39946093,
2001,T1,5,5,1,Deep,46,1.466720969,
2001,T1,5,5,2,Surface,20,1.263374978,
2001,T1,5,5,2,Middle,32,1.295616534,
2001,T1,5,5,2,Deep,48,1.373366642,
2001,T1,6,1,1,Surface,27,1.39946279,
2001,T1,6,1,1,Middle,22,1.556881292,
2001,T8,1,2,1,Deep,58,1.466678035,
2001,T8,1,2,2,Surface,13,1.096627491,
2001,T8,1,2,2,Middle,36,1.381344714,horiz length from  26 to 13 
2001,T8,1,2,2,Deep,51,1.439104458,
2001,T8,1,3,1,Surface,14,1.081940644,large root mass
2001,T8,1,3,1,Middle,31,1.369564621,
2001,T8,1,3,1,Deep,55,1.415735644,
2001,T8,1,3,2,Surface,12,0.993223926,
2001,T8,1,3,2,Middle,37,1.345810971,
2001,T8,1,3,2,Deep,51,1.413412825,
2001,T8,1,4,1,Surface,25,1.014259436,
2001,T5,5,2,1,Surface,21,1.323297984,
2001,T5,5,2,1,Middle,29,1.443403009,
2001,T5,5,2,1,Deep,50,1.357686435,
2001,T5,5,2,2,Surface,20,1.252553091,
2001,T5,5,2,2,Middle,30,1.415526792,
2001,T5,5,2,2,Deep,50,1.470480929,
2001,T5,5,3,1,Surface,20,1.462580951,
2001,T5,5,3,1,Middle,54,1.532007256,
2001,T5,5,3,1,Deep,26,1.522636906,
2001,T5,5,3,2,Surface,20,1.483530059,
2001,T5,5,3,2,Middle,14,1.647372983,
2001,T5,5,3,2,Deep,62,1.459965392,
2001,T5,5,4,1,Surface,21,1.372342991,
2001,T5,5,4,1,Middle,40,1.441710066,
2001,T5,5,4,1,Deep,39,1.505019598,
2001,T5,5,4,2,Surface,20,1.345428997,
2001,T8,1,4,1,Middle,22,1.374263573,
2001,T8,1,4,1,Deep,53,1.416569407,
2001,T8,1,4,2,Surface,11,1.027959262,
2001,T8,1,4,2,Middle,40,1.337187714,
2001,T8,1,4,2,Deep,49,1.442442241,
2001,T1,6,1,1,Deep,51,1.423188229,
2001,T6,5,3,1,Surface,23,1.196297186,fungal growth
2001,T6,5,3,1,Middle,58,1.414979841,
2001,T6,5,3,1,Deep,19,1.434144074,
2001,T6,5,3,2,Surface,23,1.121002011,fungal growth
2001,T6,5,3,2,Middle,42,1.354927093,
2001,T6,5,3,2,Deep,35,1.587728318,* non-B.D is the Bt3 hor
2001,T6,5,4,1,Surface,22,1.094974328,fungal growth
2001,T6,5,4,1,Middle,40,1.257130146,several small black chunks
2001,T6,5,4,1,Deep,38,1.341681373,
2001,T6,5,4,2,Surface,27,1.244755197,fungal growth
2001,T6,5,4,2,Middle,36,1.424065334,some black material/ harder than previous material/ fungal growth
2001,T6,5,4,2,Deep,37,1.416788246,
2001,T6,5,5,1,Surface,18,1.124463631,fungal growth
2001,T6,5,5,1,Middle,42,1.368691425,
2001,T6,5,5,1,Deep,40,1.399997431,
2001,T1,6,1,2,Surface,21,1.445473088,
2001,T1,6,1,2,Middle,49,1.599402666,
2001,T1,6,1,2,Deep,30,1.528733685,fungal growth
2001,T1,6,2,1,Surface,22,1.460823015,fungal growth
2001,T1,6,2,1,Middle,55,1.607639258,sandy
2001,T1,6,2,1,Deep,23,1.241127332,
2001,T1,6,2,2,Surface,20,1.426377863,
2001,T1,6,2,2,Middle,30,1.771168841,
2001,T7,4,1,1,Deep,38,1.381012883,
2001,T7,4,1,2,Surface,23,1.238855871,
2001,T1,6,2,2,Deep,45,1.51332023,fungal growth/ shavings
2001,T7,4,1,2,Middle,35,1.417805034,power failure/weighed after sitting at room temp. for 13 hrs.
2001,T7,4,1,2,Deep,42,1.482383283,
2001,T7,4,2,1,Surface,25,1.129333129,
2001,T7,4,2,1,Middle,43,1.430699442,
2001,T7,4,2,1,Deep,32,1.50744747,
2001,T7,4,2,2,Surface,25,1.233843282,
2001,T7,4,2,2,Middle,51,1.402969024,
2001,T7,4,2,2,Deep,24,1.566541159,
2001,T7,4,3,1,Surface,25,1.204127585,large root mass
2001,T7,4,3,1,Middle,39,1.400466166,
2001,T7,4,3,1,Deep,36,1.469688377,
2001,T7,4,3,2,Surface,23,1.182755786,
2001,T5,5,4,2,Middle,38,1.448417393,
2001,T5,5,4,2,Deep,42,1.500560555,
2001,T5,5,5,1,Surface,27,1.334049855,
2001,T5,5,5,1,Middle,37,1.434265102,
2001,T5,5,5,1,Deep,36,1.407801406,
2001,T5,5,5,2,Surface,31,1.311302179,
2001,T5,5,5,2,Middle,44,1.430698789,
2001,T5,5,5,2,Deep,25,1.46999581,
2001,T5,6,1,1,Surface,24,1.137371036,root mass 3cm included in BD
2001,T5,6,1,1,Middle,23,1.475299945,charcoal
2001,T5,6,1,1,Deep,53,1.466751638,
2001,T5,6,1,2,Surface,23,1.238269285,
2001,T5,6,1,2,Middle,26,1.471353835,
2001,T5,6,1,2,Deep,51,1.32411114,charcoal
2001,T5,6,2,1,Surface,34,1.131611618,
2001,T7,4,3,2,Middle,37,1.413426626,
2001,T8,3,5,2,Surface,22,0.948251247,
2001,T8,3,5,2,Middle,27,1.347488175,
2001,T8,3,5,2,Deep,51,1.408683624,
2001,T8,4,1,1,Surface,19,1.101162924,
2001,T8,4,1,1,Middle,27,1.440216834,
2001,T8,4,1,1,Deep,54,1.32798879,
2001,T8,4,1,2,Surface,15,0.991516441,
2001,T8,4,1,2,Middle,31,1.376398327,
2001,T8,4,1,2,Deep,54,1.400586549,
2001,T8,4,2,1,Surface,14,1.114459616,
2001,T8,4,2,1,Middle,35,1.493411438,
2001,T8,4,2,1,Deep,51,1.330903595,
2001,T8,4,2,2,Surface,14,1.129304342,
2001,T8,4,2,2,Middle,32,1.392608443,
2001,T8,4,2,2,Deep,54,1.293579675,
2001,T8,4,3,1,Surface,13,0.815249586,root mass
2001,T8,4,3,1,Middle,38,1.387284985,
2001,T8,4,3,1,Deep,49,1.448243049,
2001,T8,4,3,2,Surface,15,0.951118555,
2001,T8,4,3,2,Middle,38,1.350496913,charcoal
2001,T6,5,5,2,Surface,11,1.129523732,fungal growth
2001,T6,5,5,2,Middle,48,1.301070023,tiny black chunk/ approx .05 of circum empty of soil
2001,T6,5,5,2,Deep,41,1.299995938,.03 of circum empty of soil
2001,T6,6,1,1,Surface,27,1.161297278,* actual  length 23 cm
2001,T6,6,1,1,Middle,23,1.538847176,
2001,T6,6,1,1,Deep,50,1.451077888,
2001,T6,6,1,2,Surface,25,1.215161891,* fungal growth
2001,T6,6,1,2,Middle,22,1.485366022,
2001,T6,6,1,2,Deep,53,1.507246652,
2001,T6,6,2,1,Surface,25,1.326423524,fungal growth
2001,T6,6,2,1,Middle,35,1.513387847,
2001,T6,6,2,1,Deep,40,1.519295392,fungal growth/ black material looks like decaying OM (ROOTS?)/ saves a small sample
2001,T6,6,2,2,Surface,27,1.098772944,
2001,T6,6,2,2,Middle,20,1.490663319,
2001,T6,6,2,2,Deep,53,1.471581706,
2001,T8,4,3,2,Deep,47,1.469817398,
2001,T8,4,4,1,Surface,14,1.089075954,compressed to 96cm
2001,T8,4,4,1,Middle,33,1.410530074,
2001,T8,4,4,1,Deep,49,1.394874677,
2001,T8,4,4,2,Surface,13,1.065758283,
2001,T8,4,4,2,Middle,39,1.48275682,
2001,T8,4,4,2,Deep,48,1.47932378,
2001,T8,4,5,1,Surface,11,1.110317296,
2001,T8,4,5,1,Middle,32,1.466970346,
2001,T5,6,2,1,Middle,12,1.417894498,
2001,T5,6,2,1,Deep,54,1.534276354,
2001,T5,6,2,2,Surface,33,1.156099594,compressed to 96 cm
2001,T5,6,2,2,Middle,18,1.465195204,
2001,T5,6,2,2,Deep,49,1.392789984,
2001,T5,6,3,1,Surface,22,1.235160436,
2001,T5,6,3,1,Middle,27,1.493979681,
2001,T5,6,3,1,Deep,51,1.552197374,
2001,T5,6,3,2,Surface,16,1.297081785,
2001,T5,6,3,2,Middle,25,1.425145546,
2001,T5,6,3,2,Deep,59,1.507752683,
2001,T5,6,4,1,Surface,21,1.306635258,root mass
2001,T5,6,4,1,Middle,32,1.454745489,
2001,T5,6,4,1,Deep,47,1.40072442,
2001,T5,6,4,2,Surface,23,1.176253418,root mass
2001,T5,6,4,2,Middle,27,1.495521261,
2001,T8,4,5,1,Deep,57,1.372538029,
2001,T8,4,5,2,Surface,16,1.061698557,
2001,T8,4,5,2,Middle,33,1.448855961,
2001,T8,4,5,2,Deep,51,1.452715259,
2001,TCF,1,1,1,Surface,25,0.978246951,
2001,T8,1,5,1,Surface,11,1.044634415,
2001,T8,1,5,1,Middle,38,1.355160009,
2001,T8,1,5,1,Deep,51,1.440140099,
2001,T8,1,5,2,Surface,10,1.050638775,
2001,T8,1,5,2,Middle,34,1.330458945,
2001,T8,1,5,2,Deep,56,1.441534656,charcoal
2001,T8,2,1,1,Surface,12,0.948539387,root mass
2001,T8,2,1,1,Middle,35,1.312350887,
2001,T8,2,1,1,Deep,53,1.431387826,
2001,T8,2,1,2,Surface,9,0.988670154,root mass
2001,T7,4,3,2,Deep,40,1.428900339,
2001,T7,4,4,1,Surface,21,1.215448178,
2001,T7,4,4,1,Middle,30,1.330153487,
2001,T7,4,4,1,Deep,49,1.41236556,
2001,T7,4,4,2,Surface,23,1.221470461,
2001,T7,4,4,2,Middle,26,1.567781466,
2001,T7,4,4,2,Deep,51,1.466317618,
2001,T7,4,5,1,Surface,21,1.140609435,
2001,T7,4,5,1,Middle,41,1.341749506,
2001,T7,4,5,1,Deep,38,1.467196684,
2001,T7,4,5,2,Surface,24,1.107783077,
2001,T7,4,5,2,Middle,54,1.424351856,
2001,T7,4,5,2,Deep,22,1.494982288,
2001,T7,5,1,1,Surface,22,1.291788108,
2001,T7,5,1,1,Middle,32,1.265205477,
2001,T7,5,1,1,Deep,46,1.473343619,
2001,T7,5,1,2,Surface,19,1.249146153,moss
2001,T8,2,1,2,Middle,33,1.307271993,
2001,T8,2,1,2,Deep,58,1.415023394,
2001,T8,2,2,1,Surface,12,1.012599984,
2001,T6,6,3,1,Surface,25,1.306433173,fungi
2001,T6,6,3,1,Middle,31,1.551655122,
2001,T6,6,3,1,Deep,44,1.402210764,fungi
2001,T6,6,3,2,Surface,27,1.214806031,
2001,T6,6,3,2,Middle,27,1.609801199,
2001,T6,6,3,2,Deep,46,1.41034366,
2001,T6,6,4,1,Surface,28,1.268474675,fungi
2001,T6,6,4,1,Middle,29,1.588499248,
2001,T6,6,4,1,Deep,43,1.345940785,
2001,T5,6,4,2,Deep,50,1.463801213,
2001,T5,6,5,1,Surface,24,1.141750982,root mass
2001,T5,6,5,1,Middle,48,1.4577422,
2001,T5,6,5,1,Deep,28,1.563246033,
2001,T5,6,5,2,Surface,22,1.206468213,root mass
2001,T5,6,5,2,Middle,16,1.379430032,
2001,T5,6,5,2,Deep,62,1.382912572,charcoal
2001,T6,1,1,1,Surface,21,1.416098027,
2001,T6,1,1,1,Middle,36,1.581824723,
2001,T6,1,1,1,Deep,43,1.576711142,
2001,T6,1,1,2,Surface,23,1.347274434,
2001,T6,1,1,2,Middle,28,1.524594385,
2001,T6,1,1,2,Deep,49,1.454845262,
2001,T6,1,2,1,Surface,23,1.427437025,
2001,T6,1,2,1,Middle,30,1.549136435,
2001,T6,6,4,2,Surface,20,1.273723229,
2001,T6,6,4,2,Middle,14,1.430074077,
2001,T6,6,4,2,Deep,66,1.35676597,
